ISO-10303-21;
HEADER;
FILE_DESCRIPTION (( 'STEP AP214' ),
    '1' );
FILE_NAME ('BASE.STEP',
    '2025-01-02T12:07:45',
    ( '' ),
    ( '' ),
    'SwSTEP 2.0',
    'SolidWorks 2025',
    '' );
FILE_SCHEMA (( 'AUTOMOTIVE_DESIGN' ));
ENDSEC;

DATA;
#1 = ORIENTED_EDGE ( 'NONE', *, *, #2405, .F. ) ;
#2 = CIRCLE ( 'NONE', #1982, 1.219500000000000028 ) ;
#3 =( GEOMETRIC_REPRESENTATION_CONTEXT ( 3 ) GLOBAL_UNCERTAINTY_ASSIGNED_CONTEXT ( ( #3004 ) ) GLOBAL_UNIT_ASSIGNED_CONTEXT ( ( #1838, #828, #2368 ) ) REPRESENTATION_CONTEXT ( 'NONE', 'WORKASPACE' ) );
#4 = CYLINDRICAL_SURFACE ( 'NONE', #2137, 1.750000000000003553 ) ;
#5 = VERTEX_POINT ( 'NONE', #1328 ) ;
#6 = VECTOR ( 'NONE', #608, 1000.000000000000000 ) ;
#7 = DIRECTION ( 'NONE',  ( 1.000000000000000000, 0.000000000000000000, 0.000000000000000000 ) ) ;
#8 = ORIENTED_EDGE ( 'NONE', *, *, #2328, .T. ) ;
#9 = DIRECTION ( 'NONE',  ( 1.000000000000000000, 0.000000000000000000, 0.000000000000000000 ) ) ;
#10 = DIRECTION ( 'NONE',  ( -0.000000000000000000, 1.000000000000000000, -0.000000000000000000 ) ) ;
#11 = PRESENTATION_LAYER_ASSIGNMENT (  '', '', ( #1404 ) ) ;
#12 = EDGE_CURVE ( 'NONE', #2357, #364, #839, .T. ) ;
#13 = EDGE_CURVE ( 'NONE', #1262, #914, #3135, .T. ) ;
#14 = VECTOR ( 'NONE', #983, 1000.000000000000000 ) ;
#15 = DIRECTION ( 'NONE',  ( -0.000000000000000000, 1.000000000000000000, -0.000000000000000000 ) ) ;
#16 = DIRECTION ( 'NONE',  ( 0.000000000000000000, 0.000000000000000000, -1.000000000000000000 ) ) ;
#17 = AXIS2_PLACEMENT_3D ( 'NONE', #2148, #439, #1901 ) ;
#18 = EDGE_CURVE ( 'NONE', #3097, #2990, #1039, .T. ) ;
#19 = VECTOR ( 'NONE', #3010, 999.9999999999998863 ) ;
#20 = DIRECTION ( 'NONE',  ( -1.000000000000000000, 0.000000000000000000, 0.000000000000000000 ) ) ;
#21 = DIRECTION ( 'NONE',  ( 0.000000000000000000, 0.000000000000000000, 1.000000000000000000 ) ) ;
#22 = VERTEX_POINT ( 'NONE', #2559 ) ;
#23 = CIRCLE ( 'NONE', #1837, 1.600000000000000977 ) ;
#24 = FACE_OUTER_BOUND ( 'NONE', #691, .T. ) ;
#25 = EDGE_LOOP ( 'NONE', ( #913, #2745, #320, #2352 ) ) ;
#26 = CARTESIAN_POINT ( 'NONE',  ( 0.000000000000000000, 20.00000000000000000, 0.000000000000000000 ) ) ;
#27 = VERTEX_POINT ( 'NONE', #42 ) ;
#28 = CARTESIAN_POINT ( 'NONE',  ( -10.50000000000000178, 0.000000000000000000, -6.000000000000003553 ) ) ;
#29 = CARTESIAN_POINT ( 'NONE',  ( 0.000000000000000000, 0.000000000000000000, -4.000000000000000000 ) ) ;
#30 = CARTESIAN_POINT ( 'NONE',  ( 33.00000000000000000, 1.665213485140613873E-16, -1.219500000000000028 ) ) ;
#31 = DIRECTION ( 'NONE',  ( 0.000000000000000000, 0.000000000000000000, 1.000000000000000000 ) ) ;
#32 = ORIENTED_EDGE ( 'NONE', *, *, #2146, .F. ) ;
#33 = CARTESIAN_POINT ( 'NONE',  ( -2.749999999999999556, -1.329484544808467117, -1.628924110357173438 ) ) ;
#34 = ADVANCED_FACE ( 'NONE', ( #2090 ), #56, .T. ) ;
#35 = CARTESIAN_POINT ( 'NONE',  ( 1.500000000000000000, 0.000000000000000000, -1.799999999999999600 ) ) ;
#36 = CARTESIAN_POINT ( 'NONE',  ( -40.00000000000000000, 0.000000000000000000, -1.750000000000006883 ) ) ;
#37 = EDGE_CURVE ( 'NONE', #3160, #2539, #2, .T. ) ;
#38 = ORIENTED_EDGE ( 'NONE', *, *, #1281, .F. ) ;
#39 = DIRECTION ( 'NONE',  ( 0.000000000000000000, 0.000000000000000000, 1.000000000000000000 ) ) ;
#40 = ORIENTED_EDGE ( 'NONE', *, *, #2390, .T. ) ;
#41 = FACE_OUTER_BOUND ( 'NONE', #363, .T. ) ;
#42 = CARTESIAN_POINT ( 'NONE',  ( 3.100000000000005418, 1.836970198721030920E-16, -1.500000000000000888 ) ) ;
#43 = DIRECTION ( 'NONE',  ( 0.000000000000000000, 0.000000000000000000, 1.000000000000000000 ) ) ;
#44 = APPLICATION_CONTEXT ( 'automotive_design' ) ;
#45 = FACE_OUTER_BOUND ( 'NONE', #2509, .T. ) ;
#46 = ORIENTED_EDGE ( 'NONE', *, *, #3154, .T. ) ;
#47 = CARTESIAN_POINT ( 'NONE',  ( -2.750000000000000000, 0.000000000000000000, -1.800000000000000044 ) ) ;
#48 = CARTESIAN_POINT ( 'NONE',  ( 2.750000000000000444, -1.065007702645622167, -1.691446954715292827 ) ) ;
#49 = FILL_AREA_STYLE_COLOUR ( '', #586 ) ;
#50 = ORIENTED_EDGE ( 'NONE', *, *, #2084, .F. ) ;
#51 = UNCERTAINTY_MEASURE_WITH_UNIT (LENGTH_MEASURE( 1.000000000000000082E-05 ), #2143, 'distance_accuracy_value', 'NONE');
#52 = ADVANCED_FACE ( 'NONE', ( #564 ), #580, .F. ) ;
#53 = DIRECTION ( 'NONE',  ( 0.000000000000000000, 0.000000000000000000, 1.000000000000000000 ) ) ;
#54 = ORIENTED_EDGE ( 'NONE', *, *, #1477, .T. ) ;
#55 = CIRCLE ( 'NONE', #881, 2.750000000000000000 ) ;
#56 = PLANE ( 'NONE',  #630 ) ;
#57 = VECTOR ( 'NONE', #1202, 1000.000000000000000 ) ;
#58 = CIRCLE ( 'NONE', #211, 1.219500000000000028 ) ;
#59 = DIRECTION ( 'NONE',  ( 0.000000000000000000, 0.000000000000000000, 1.000000000000000000 ) ) ;
#60 = SURFACE_STYLE_FILL_AREA ( #2061 ) ;
#61 = AXIS2_PLACEMENT_3D ( 'NONE', #1342, #382, #861 ) ;
#62 = DIRECTION ( 'NONE',  ( 0.000000000000000000, -0.000000000000000000, 1.000000000000000000 ) ) ;
#63 = CONTEXT_DEPENDENT_SHAPE_REPRESENTATION ( #1096, #2989 ) ;
#64 = ORIENTED_EDGE ( 'NONE', *, *, #2027, .T. ) ;
#65 = CARTESIAN_POINT ( 'NONE',  ( 10.49999999999999822, 0.000000000000000000, -6.000000000000003553 ) ) ;
#66 = SHAPE_REPRESENTATION_RELATIONSHIP ( 'NONE' , 'NONE' ,  #2964, #3102 ) ;
#67 = DIRECTION ( 'NONE',  ( -1.000000000000000000, -0.000000000000000000, -0.000000000000000000 ) ) ;
#68 = VECTOR ( 'NONE', #2637, 1000.000000000000114 ) ;
#69 = ORIENTED_EDGE ( 'NONE', *, *, #1562, .T. ) ;
#70 = AXIS2_PLACEMENT_3D ( 'NONE', #3164, #2444, #680 ) ;
#71 = CARTESIAN_POINT ( 'NONE',  ( 0.000000000000000000, 2.000000000000000000, 0.000000000000000000 ) ) ;
#72 = ORIENTED_EDGE ( 'NONE', *, *, #942, .F. ) ;
#73 = EDGE_CURVE ( 'NONE', #1588, #2920, #1608, .T. ) ;
#74 = AXIS2_PLACEMENT_3D ( 'NONE', #388, #434, #2628 ) ;
#75 = CARTESIAN_POINT ( 'NONE',  ( 1.250000000000000000, 0.000000000000000000, -0.1750518845524290101 ) ) ;
#76 = AXIS2_PLACEMENT_3D ( 'NONE', #2618, #1145, #1356 ) ;
#77 = SURFACE_STYLE_FILL_AREA ( #809 ) ;
#78 = FACE_BOUND ( 'NONE', #1704, .T. ) ;
#79 = EDGE_CURVE ( 'NONE', #803, #459, #371, .T. ) ;
#80 = CARTESIAN_POINT ( 'NONE',  ( -1.843520544858950672, 2.111069397712021178, 1.194934252549696755E-15 ) ) ;
#81 = ITEM_DEFINED_TRANSFORMATION ( 'NONE', 'NONE', #2569,  #2670 ) ;
#82 = ORIENTED_EDGE ( 'NONE', *, *, #496, .T. ) ;
#83 = CYLINDRICAL_SURFACE ( 'NONE', #1411, 1.250000000000000000 ) ;
#84 =( NAMED_UNIT ( * ) PLANE_ANGLE_UNIT ( ) SI_UNIT ( $, .RADIAN. ) );
#85 = CARTESIAN_POINT ( 'NONE',  ( 10.49999999999999822, 2.000000000000000000, 5.999999999999996447 ) ) ;
#86 = ORIENTED_EDGE ( 'NONE', *, *, #2445, .F. ) ;
#87 = DIRECTION ( 'NONE',  ( -1.000000000000000000, -0.000000000000000000, -0.000000000000000000 ) ) ;
#88 = EDGE_LOOP ( 'NONE', ( #2772, #400, #2656, #1063 ) ) ;
#89 = DIRECTION ( 'NONE',  ( 0.000000000000000000, 0.000000000000000000, 1.000000000000000000 ) ) ;
#90 = EDGE_CURVE ( 'NONE', #364, #1088, #1555, .T. ) ;
#91 = DIRECTION ( 'NONE',  ( -0.000000000000000000, -0.000000000000000000, 1.000000000000000000 ) ) ;
#92 = EDGE_CURVE ( 'NONE', #1787, #1006, #1827, .T. ) ;
#93 = LINE ( 'NONE', #2802, #3033 ) ;
#94 = EDGE_LOOP ( 'NONE', ( #2299, #412, #2791, #1550 ) ) ;
#95 = FACE_OUTER_BOUND ( 'NONE', #2905, .T. ) ;
#96 = LINE ( 'NONE', #1053, #68 ) ;
#97 = VERTEX_POINT ( 'NONE', #1043 ) ;
#98 = DIRECTION ( 'NONE',  ( 0.000000000000000000, 1.000000000000000000, 0.000000000000000000 ) ) ;
#99 = VERTEX_POINT ( 'NONE', #75 ) ;
#100 = DIRECTION ( 'NONE',  ( -0.000000000000000000, -0.000000000000000000, 1.000000000000000000 ) ) ;
#101 = VECTOR ( 'NONE', #2909, 1000.000000000000000 ) ;
#102 = DIRECTION ( 'NONE',  ( 0.000000000000000000, 1.000000000000000000, 0.000000000000000000 ) ) ;
#103 = CIRCLE ( 'NONE', #1818, 2.000000000000000000 ) ;
#104 = CIRCLE ( 'NONE', #2037, 2.750000000000000000 ) ;
#105 = CARTESIAN_POINT ( 'NONE',  ( 0.000000000000000000, 2.000000000000000000, -40.00000000000000000 ) ) ;
#106 = AXIS2_PLACEMENT_3D ( 'NONE', #871, #655, #935 ) ;
#107 = LINE ( 'NONE', #1382, #151 ) ;
#108 = ITEM_DEFINED_TRANSFORMATION ( 'NONE', 'NONE', #1552,  #2670 ) ;
#109 = CARTESIAN_POINT ( 'NONE',  ( 1.300000000000000044, 1.478016689125441596, -2.059984127722458425E-15 ) ) ;
#110 = EDGE_CURVE ( 'NONE', #99, #2357, #984, .T. ) ;
#111 = CARTESIAN_POINT ( 'NONE',  ( 4.490324465908430079E-16, -9.534878236872062374, -3.333256362625975466 ) ) ;
#112 = ADVANCED_FACE ( 'NONE', ( #944 ), #2245, .T. ) ;
#113 = AXIS2_PLACEMENT_3D ( 'NONE', #1774, #2789, #510 ) ;
#114 = ORIENTED_EDGE ( 'NONE', *, *, #2327, .F. ) ;
#115 = CARTESIAN_POINT ( 'NONE',  ( 1.301042606982605321E-15, 3.175426480542942631, 0.000000000000000000 ) ) ;
#116 = ORIENTED_EDGE ( 'NONE', *, *, #2272, .F. ) ;
#117 = VERTEX_POINT ( 'NONE', #2379 ) ;
#118 = CONICAL_SURFACE ( 'NONE', #2943, 3.499999999999996003, 0.7853981633974447263 ) ;
#119 = DIRECTION ( 'NONE',  ( -0.000000000000000000, -1.000000000000000000, -0.000000000000000000 ) ) ;
#120 = CARTESIAN_POINT ( 'NONE',  ( 3.000000000000006217, 2.749999999999999112, 0.000000000000000000 ) ) ;
#121 = AXIS2_PLACEMENT_3D ( 'NONE', #1496, #776, #2458 ) ;
#122 = CARTESIAN_POINT ( 'NONE',  ( 32.71950000000001069, 1.836970198721030674E-16, -1.500000000000000444 ) ) ;
#123 = DIRECTION ( 'NONE',  ( -1.000000000000000000, 0.000000000000000000, 0.000000000000000000 ) ) ;
#124 = DIRECTION ( 'NONE',  ( 1.000000000000000000, 0.000000000000000000, 0.000000000000000000 ) ) ;
#125 = ADVANCED_FACE ( 'NONE', ( #2954 ), #1631, .T. ) ;
#126 = CARTESIAN_POINT ( 'NONE',  ( 2.449293598294706414E-16, 0.000000000000000000, 2.000000000000000000 ) ) ;
#127 = DIRECTION ( 'NONE',  ( 0.000000000000000000, 0.000000000000000000, 1.000000000000000000 ) ) ;
#128 = CARTESIAN_POINT ( 'NONE',  ( -40.00000000000000000, 0.000000000000000000, -3.469446951953614189E-15 ) ) ;
#129 = EDGE_LOOP ( 'NONE', ( #1413, #352, #893, #2935 ) ) ;
#130 = EDGE_CURVE ( 'NONE', #2166, #477, #1352, .T. ) ;
#131 = PRODUCT_DEFINITION_SHAPE ( 'NONE', 'NONE',  #3230 ) ;
#132 = DIRECTION ( 'NONE',  ( 0.000000000000000000, 0.000000000000000000, 1.000000000000000000 ) ) ;
#133 = ORIENTED_EDGE ( 'NONE', *, *, #13, .T. ) ;
#134 = ORIENTED_EDGE ( 'NONE', *, *, #961, .T. ) ;
#135 = CARTESIAN_POINT ( 'NONE',  ( 10.49999999999999822, 0.000000000000000000, 5.999999999999996447 ) ) ;
#136 = PLANE ( 'NONE',  #2155 ) ;
#137 = CARTESIAN_POINT ( 'NONE',  ( 1.300000000000000044, 1.478016689125441596, -2.059984127722458425E-15 ) ) ;
#138 = CARTESIAN_POINT ( 'NONE',  ( 0.000000000000000000, 0.000000000000000000, 0.000000000000000000 ) ) ;
#139 = CARTESIAN_POINT ( 'NONE',  ( 0.000000000000000000, 19.49999999999999289, 0.000000000000000000 ) ) ;
#140 = FACE_OUTER_BOUND ( 'NONE', #609, .T. ) ;
#141 = SHAPE_REPRESENTATION_RELATIONSHIP ( 'NONE' , 'NONE' ,  #2271, #3138 ) ;
#142 = CARTESIAN_POINT ( 'NONE',  ( 1.300000000000000044, 0.7390083445627214642, 1.279999999999998694 ) ) ;
#143 = ORIENTED_EDGE ( 'NONE', *, *, #2287, .F. ) ;
#144 = FACE_OUTER_BOUND ( 'NONE', #1701, .T. ) ;
#145 = ORIENTED_EDGE ( 'NONE', *, *, #417, .F. ) ;
#146 = ORIENTED_EDGE ( 'NONE', *, *, #451, .T. ) ;
#147 = ADVANCED_FACE ( 'NONE', ( #1862 ), #210, .T. ) ;
#148 = CARTESIAN_POINT ( 'NONE',  ( 0.000000000000000000, 0.7390083445627214642, 1.279999999999998694 ) ) ;
#149 = AXIS2_PLACEMENT_3D ( 'NONE', #327, #1274, #3046 ) ;
#150 = EDGE_CURVE ( 'NONE', #2257, #2885, #2879, .T. ) ;
#151 = VECTOR ( 'NONE', #2393, 1000.000000000000000 ) ;
#152 = CARTESIAN_POINT ( 'NONE',  ( -40.00000000000000000, 0.000000000000000000, -3.469446951953614189E-15 ) ) ;
#153 = DIRECTION ( 'NONE',  ( -1.000000000000000000, 0.000000000000000000, 0.000000000000000000 ) ) ;
#154 = CLOSED_SHELL ( 'NONE', ( #2575, #1497, #165, #465, #610, #864, #377, #1781, #3014 ) ) ;
#155 = PRESENTATION_LAYER_ASSIGNMENT (  '', '', ( #577 ) ) ;
#156 = CARTESIAN_POINT ( 'NONE',  ( 40.00000000000000000, 0.000000000000000000, -1.734723475976807094E-15 ) ) ;
#157 = AXIS2_PLACEMENT_3D ( 'NONE', #3034, #2259, #3019 ) ;
#158 = CARTESIAN_POINT ( 'NONE',  ( 3.683760141804401487E-15, 0.000000000000000000, 38.25000000000000711 ) ) ;
#159 = VERTEX_POINT ( 'NONE', #2895 ) ;
#160 = LINE ( 'NONE', #2671, #2673 ) ;
#161 = VERTEX_POINT ( 'NONE', #1442 ) ;
#162 = CIRCLE ( 'NONE', #113, 1.750000000000001554 ) ;
#163 = ORIENTED_EDGE ( 'NONE', *, *, #2693, .T. ) ;
#164 = AXIS2_PLACEMENT_3D ( 'NONE', #2196, #410, #909 ) ;
#165 = ADVANCED_FACE ( 'NONE', ( #708 ), #1295, .T. ) ;
#166 = EDGE_LOOP ( 'NONE', ( #2136, #293 ) ) ;
#167 = DIRECTION ( 'NONE',  ( 0.000000000000000000, -0.000000000000000000, 1.000000000000000000 ) ) ;
#168 = VECTOR ( 'NONE', #1422, 1000.000000000000000 ) ;
#169 = VECTOR ( 'NONE', #10, 1000.000000000000000 ) ;
#170 = PLANE ( 'NONE',  #1764 ) ;
#171 = EDGE_CURVE ( 'NONE', #350, #1379, #2719, .T. ) ;
#172 = ITEM_DEFINED_TRANSFORMATION ( 'NONE', 'NONE', #2615,  #2670 ) ;
#173 = FACE_OUTER_BOUND ( 'NONE', #2904, .T. ) ;
#174 = PLANE ( 'NONE',  #700 ) ;
#175 = CARTESIAN_POINT ( 'NONE',  ( -7.548507695202077139E-14, 40.00000000000000000, -3.000000000000002665 ) ) ;
#176 = B_SPLINE_CURVE_WITH_KNOTS ( 'NONE', 3,
 ( #603, #1048, #80, #2315 ),
 .UNSPECIFIED., .F., .F.,
 ( 4, 4 ),
 ( 2.380742992387856462E-07, 0.001606744326298687299 ),
 .UNSPECIFIED. ) ;
#177 = CYLINDRICAL_SURFACE ( 'NONE', #2994, 1.500000000000000888 ) ;
#178 = EDGE_LOOP ( 'NONE', ( #775, #2883, #2034, #1627 ) ) ;
#179 = B_SPLINE_CURVE_WITH_KNOTS ( 'NONE', 3,
 ( #784, #33, #1719, #2286, #489, #47 ),
 .UNSPECIFIED., .F., .F.,
 ( 4, 2, 4 ),
 ( 0.002832689070575954583, 0.003635789392948010450, 0.004438889715320065883 ),
 .UNSPECIFIED. ) ;
#180 = CARTESIAN_POINT ( 'NONE',  ( 0.000000000000000000, 0.000000000000000000, 0.000000000000000000 ) ) ;
#181 = ORIENTED_EDGE ( 'NONE', *, *, #1714, .T. ) ;
#182 = ORIENTED_EDGE ( 'NONE', *, *, #1582, .T. ) ;
#183 = ORIENTED_EDGE ( 'NONE', *, *, #826, .T. ) ;
#184 = DIRECTION ( 'NONE',  ( 1.000000000000000000, 0.000000000000000000, 0.000000000000000000 ) ) ;
#185 = B_SPLINE_CURVE_WITH_KNOTS ( 'NONE', 3,
 ( #762, #1494, #305, #1268, #1744, #774 ),
 .UNSPECIFIED., .F., .F.,
 ( 4, 2, 4 ),
 ( 0.001606744326298691202, 0.002406996759593250067, 0.003207249192887808714 ),
 .UNSPECIFIED. ) ;
#186 = ADVANCED_FACE ( 'NONE', ( #405 ), #734, .T. ) ;
#187 = DIRECTION ( 'NONE',  ( 0.000000000000000000, 0.4999999999999993339, -0.8660254037844389297 ) ) ;
#188 = CARTESIAN_POINT ( 'NONE',  ( 1.299999999999999156, 0.000000000000000000, 0.000000000000000000 ) ) ;
#189 = ADVANCED_FACE ( 'NONE', ( #1181 ), #2220, .F. ) ;
#190 = CARTESIAN_POINT ( 'NONE',  ( 0.000000000000000000, 0.000000000000000000, -1.800000000000000044 ) ) ;
#191 = PLANE ( 'NONE',  #164 ) ;
#192 = ORIENTED_EDGE ( 'NONE', *, *, #792, .T. ) ;
#193 = FACE_OUTER_BOUND ( 'NONE', #1641, .T. ) ;
#194 = VERTEX_POINT ( 'NONE', #374 ) ;
#195 = ORIENTED_EDGE ( 'NONE', *, *, #2430, .T. ) ;
#196 = DIRECTION ( 'NONE',  ( 0.000000000000000000, 0.000000000000000000, 1.000000000000000000 ) ) ;
#197 = ORIENTED_EDGE ( 'NONE', *, *, #1416, .F. ) ;
#198 = DIRECTION ( 'NONE',  ( -0.000000000000000000, 0.8660254037844390407, 0.4999999999999993894 ) ) ;
#199 = ORIENTED_EDGE ( 'NONE', *, *, #1846, .T. ) ;
#200 = CARTESIAN_POINT ( 'NONE',  ( 0.000000000000000000, 0.000000000000000000, 0.000000000000000000 ) ) ;
#201 = CYLINDRICAL_SURFACE ( 'NONE', #17, 4.000000000000000000 ) ;
#202 = ADVANCED_FACE ( 'NONE', ( #2185 ), #2647, .F. ) ;
#203 = CIRCLE ( 'NONE', #1812, 1.750000000000003553 ) ;
#204 = DIRECTION ( 'NONE',  ( -0.000000000000000000, -1.000000000000000000, -0.000000000000000000 ) ) ;
#205 = LINE ( 'NONE', #2152, #2149 ) ;
#206 = EDGE_CURVE ( 'NONE', #985, #704, #1819, .T. ) ;
#207 =( REPRESENTATION_RELATIONSHIP ('NONE','NONE', #1394, #2964 ) REPRESENTATION_RELATIONSHIP_WITH_TRANSFORMATION ( #1030 )SHAPE_REPRESENTATION_RELATIONSHIP( ) );
#208 = MECHANICAL_DESIGN_GEOMETRIC_PRESENTATION_REPRESENTATION (  '', ( #3038 ), #2455 ) ;
#209 = ORIENTED_EDGE ( 'NONE', *, *, #2206, .T. ) ;
#210 = CONICAL_SURFACE ( 'NONE', #2036, 2.750000000000000000, 1.047197551196595633 ) ;
#211 = AXIS2_PLACEMENT_3D ( 'NONE', #233, #1741, #2981 ) ;
#212 = PRODUCT_DEFINITION_SHAPE ( 'NONE', 'NONE',  #3225 ) ;
#213 = FACE_OUTER_BOUND ( 'NONE', #1021, .T. ) ;
#214 = DIRECTION ( 'NONE',  ( 0.000000000000000000, 1.000000000000000000, 0.000000000000000000 ) ) ;
#215 = EDGE_CURVE ( 'NONE', #954, #2385, #681, .T. ) ;
#216 = ORIENTED_EDGE ( 'NONE', *, *, #827, .F. ) ;
#217 = AXIS2_PLACEMENT_3D ( 'NONE', #1939, #1178, #457 ) ;
#218 = VERTEX_POINT ( 'NONE', #2702 ) ;
#219 = CIRCLE ( 'NONE', #2886, 1.750000000000001554 ) ;
#220 = DIRECTION ( 'NONE',  ( 0.000000000000000000, 0.000000000000000000, 1.000000000000000000 ) ) ;
#221 = CYLINDRICAL_SURFACE ( 'NONE', #2421, 1.750000000000003553 ) ;
#222 = ORIENTED_EDGE ( 'NONE', *, *, #657, .F. ) ;
#223 = CYLINDRICAL_SURFACE ( 'NONE', #1083, 1.749999999999994671 ) ;
#224 = AXIS2_PLACEMENT_3D ( 'NONE', #1558, #1576, #2572 ) ;
#225 = DIRECTION ( 'NONE',  ( 0.000000000000000000, -0.000000000000000000, 1.000000000000000000 ) ) ;
#226 = DIRECTION ( 'NONE',  ( -1.000000000000000000, -0.000000000000000000, -0.000000000000000000 ) ) ;
#227 = APPLICATION_PROTOCOL_DEFINITION ( 'draft international standard', 'automotive_design', 1998, #777 ) ;
#228 = CARTESIAN_POINT ( 'NONE',  ( 5.510910596163087978E-15, 2.000000000000000000, 44.99999999999999289 ) ) ;
#229 = CIRCLE ( 'NONE', #74, 1.279999999999999805 ) ;
#230 = ORIENTED_EDGE ( 'NONE', *, *, #2141, .T. ) ;
#231 = ADVANCED_FACE ( 'NONE', ( #2456 ), #1507, .T. ) ;
#232 = CIRCLE ( 'NONE', #1945, 0.1000000000000000472 ) ;
#233 = CARTESIAN_POINT ( 'NONE',  ( 33.00000000000000000, 0.000000000000000000, 0.000000000000000000 ) ) ;
#234 = DIRECTION ( 'NONE',  ( 0.000000000000000000, -0.000000000000000000, 1.000000000000000000 ) ) ;
#235 = ORIENTED_EDGE ( 'NONE', *, *, #2936, .T. ) ;
#236 = EDGE_CURVE ( 'NONE', #2275, #993, #478, .T. ) ;
#237 = DIRECTION ( 'NONE',  ( 0.000000000000000000, 0.000000000000000000, -1.000000000000000000 ) ) ;
#238 = ORIENTED_EDGE ( 'NONE', *, *, #1264, .F. ) ;
#239 = CARTESIAN_POINT ( 'NONE',  ( -40.00000000000000000, 0.000000000000000000, -3.469446951953614189E-15 ) ) ;
#240 = ORIENTED_EDGE ( 'NONE', *, *, #150, .F. ) ;
#241 = DIRECTION ( 'NONE',  ( -0.5000000000000037748, 1.060575238724904326E-16, -0.8660254037844364872 ) ) ;
#242 = CARTESIAN_POINT ( 'NONE',  ( 3.000000000000002665, 0.000000000000000000, 0.000000000000000000 ) ) ;
#243 = PRODUCT_DEFINITION_SHAPE ( 'NONE', 'NONE',  #3223 ) ;
#244 = LINE ( 'NONE', #2695, #1603 ) ;
#245 = DIRECTION ( 'NONE',  ( -0.1884548733085508743, 0.9820818503191360849, 3.162846763469900836E-16 ) ) ;
#246 = FACE_OUTER_BOUND ( 'NONE', #1742, .T. ) ;
#247 = ORIENTED_EDGE ( 'NONE', *, *, #1172, .T. ) ;
#248 = DIRECTION ( 'NONE',  ( 0.000000000000000000, 0.000000000000000000, -1.000000000000000000 ) ) ;
#249 = ORIENTED_EDGE ( 'NONE', *, *, #2400, .T. ) ;
#250 = UNCERTAINTY_MEASURE_WITH_UNIT (LENGTH_MEASURE( 1.000000000000000082E-05 ), #2100, 'distance_accuracy_value', 'NONE');
#251 = CARTESIAN_POINT ( 'NONE',  ( 0.000000000000000000, 2.000000000000000000, -40.00000000000000000 ) ) ;
#252 = VERTEX_POINT ( 'NONE', #2985 ) ;
#253 = CARTESIAN_POINT ( 'NONE',  ( 1.300000000000000044, -1.478016689125444261, 1.409462824231155764E-15 ) ) ;
#254 = EDGE_CURVE ( 'NONE', #1016, #1180, #1929, .T. ) ;
#255 = EDGE_CURVE ( 'NONE', #597, #673, #535, .T. ) ;
#256 = PRODUCT_DEFINITION_CONTEXT ( 'detailed design', #2678, 'design' ) ;
#257 = VERTEX_POINT ( 'NONE', #1776 ) ;
#258 = DIRECTION ( 'NONE',  ( 0.000000000000000000, 0.000000000000000000, 1.000000000000000000 ) ) ;
#259 = LINE ( 'NONE', #1713, #169 ) ;
#260 = EDGE_CURVE ( 'NONE', #1973, #3125, #376, .T. ) ;
#261 = CARTESIAN_POINT ( 'NONE',  ( -40.00000000000000000, 0.000000000000000000, -3.469446951953614189E-15 ) ) ;
#262 =( LENGTH_UNIT ( ) NAMED_UNIT ( * ) SI_UNIT ( .MILLI., .METRE. ) );
#263 = CARTESIAN_POINT ( 'NONE',  ( 0.000000000000000000, 2.000000000000000000, -44.99999999999999289 ) ) ;
#264 = VECTOR ( 'NONE', #1662, 1000.000000000000000 ) ;
#265 = ORIENTED_EDGE ( 'NONE', *, *, #2287, .T. ) ;
#266 = EDGE_LOOP ( 'NONE', ( #2968, #2806, #1250, #2423, #3062 ) ) ;
#267 = AXIS2_PLACEMENT_3D ( 'NONE', #2123, #612, #2108 ) ;
#268 = DIRECTION ( 'NONE',  ( 0.000000000000000000, -1.000000000000000000, 1.320393690296332119E-15 ) ) ;
#269 = FACE_BOUND ( 'NONE', #516, .T. ) ;
#270 = EDGE_LOOP ( 'NONE', ( #2138, #2512, #1232, #86 ) ) ;
#271 = VECTOR ( 'NONE', #1070, 1000.000000000000000 ) ;
#272 = FACE_OUTER_BOUND ( 'NONE', #763, .T. ) ;
#273 = ORIENTED_EDGE ( 'NONE', *, *, #2412, .F. ) ;
#274 = CARTESIAN_POINT ( 'NONE',  ( 40.00000000000000000, 0.000000000000000000, -1.734723475976807094E-15 ) ) ;
#275 = ORIENTED_EDGE ( 'NONE', *, *, #130, .T. ) ;
#276 = ADVANCED_FACE ( 'NONE', ( #1040 ), #4, .F. ) ;
#277 = DIRECTION ( 'NONE',  ( -1.000000000000000000, -0.000000000000000000, -0.000000000000000000 ) ) ;
#278 = CARTESIAN_POINT ( 'NONE',  ( 0.000000000000000000, 1.200000000000000030E-05, 0.000000000000000000 ) ) ;
#279 = STYLED_ITEM ( 'NONE', ( #1164 ), #636 ) ;
#280 = ADVANCED_FACE ( 'NONE', ( #2041 ), #992, .T. ) ;
#281 = CIRCLE ( 'NONE', #996, 1.750000000000003553 ) ;
#282 = DIRECTION ( 'NONE',  ( 0.000000000000000000, 0.9975640502598241977, 0.06975647374412534407 ) ) ;
#283 = PRODUCT_CONTEXT ( 'NONE', #2122, 'mechanical' ) ;
#284 = ORIENTED_EDGE ( 'NONE', *, *, #3126, .T. ) ;
#285 = DIRECTION ( 'NONE',  ( -1.000000000000000000, 0.000000000000000000, 0.000000000000000000 ) ) ;
#286 = AXIS2_PLACEMENT_3D ( 'NONE', #2942, #2193, #2910 ) ;
#287 = CARTESIAN_POINT ( 'NONE',  ( 3.469446951953614189E-15, 2.000000000000000000, 41.74999999999999289 ) ) ;
#288 = CARTESIAN_POINT ( 'NONE',  ( 0.000000000000000000, -9.534878236872062374, 0.000000000000000000 ) ) ;
#289 = ORIENTED_EDGE ( 'NONE', *, *, #595, .F. ) ;
#290 = CARTESIAN_POINT ( 'NONE',  ( 0.1499999999999973577, 0.000000000000000000, 0.000000000000000000 ) ) ;
#291 = ORIENTED_EDGE ( 'NONE', *, *, #942, .T. ) ;
#292 = CARTESIAN_POINT ( 'NONE',  ( 2.143131898507866818E-16, 0.000000000000000000, -41.75000000000000000 ) ) ;
#293 = ORIENTED_EDGE ( 'NONE', *, *, #556, .F. ) ;
#294 = DIRECTION ( 'NONE',  ( 1.000000000000000000, 0.000000000000000000, 0.000000000000000000 ) ) ;
#295 = FACE_BOUND ( 'NONE', #1365, .T. ) ;
#296 = ADVANCED_BREP_SHAPE_REPRESENTATION ( '', ( #636, #2670 ), #2457 ) ;
#297 = CARTESIAN_POINT ( 'NONE',  ( -40.00000000000000000, 0.000000000000000000, -3.469446951953614189E-15 ) ) ;
#298 = ORIENTED_EDGE ( 'NONE', *, *, #1540, .F. ) ;
#299 = DIRECTION ( 'NONE',  ( 0.000000000000000000, 0.000000000000000000, 1.000000000000000000 ) ) ;
#300 = ADVANCED_FACE ( 'NONE', ( #24 ), #1042, .T. ) ;
#301 = APPLICATION_CONTEXT ( 'automotive_design' ) ;
#302 = FACE_OUTER_BOUND ( 'NONE', #643, .T. ) ;
#303 = DIRECTION ( 'NONE',  ( 0.000000000000000000, 1.000000000000000000, 0.000000000000000000 ) ) ;
#304 = ORIENTED_EDGE ( 'NONE', *, *, #1917, .F. ) ;
#305 = CARTESIAN_POINT ( 'NONE',  ( 1.841465337348298981, 2.112255972321535946, -0.02351960456806028582 ) ) ;
#306 = ORIENTED_EDGE ( 'NONE', *, *, #1757, .F. ) ;
#307 = DIRECTION ( 'NONE',  ( 1.000000000000000000, 0.000000000000000000, 0.000000000000000000 ) ) ;
#308 = CARTESIAN_POINT ( 'NONE',  ( 1.375000000000001998, 2.381569860407204864, 0.000000000000000000 ) ) ;
#309 = CARTESIAN_POINT ( 'NONE',  ( 0.000000000000000000, 0.000000000000000000, -25.03750572909317285 ) ) ;
#310 = CARTESIAN_POINT ( 'NONE',  ( 1.084202172485504434E-15, 3.175426480542943075, -1.554379906938135658 ) ) ;
#311 = CONTEXT_DEPENDENT_SHAPE_REPRESENTATION ( #2381, #1928 ) ;
#312 = ORIENTED_EDGE ( 'NONE', *, *, #1777, .F. ) ;
#313 = DIRECTION ( 'NONE',  ( 1.000000000000000000, 0.000000000000000000, 0.000000000000000000 ) ) ;
#314 = EDGE_CURVE ( 'NONE', #1067, #2168, #1023, .T. ) ;
#315 = SURFACE_STYLE_USAGE ( .BOTH. , #742 ) ;
#316 = ORIENTED_EDGE ( 'NONE', *, *, #1264, .T. ) ;
#317 = CIRCLE ( 'NONE', #2132, 2.750000000000000000 ) ;
#318 = EDGE_CURVE ( 'NONE', #712, #745, #502, .T. ) ;
#319 = DIRECTION ( 'NONE',  ( 0.000000000000000000, 0.000000000000000000, -1.000000000000000000 ) ) ;
#320 = ORIENTED_EDGE ( 'NONE', *, *, #2206, .F. ) ;
#321 = CLOSED_SHELL ( 'NONE', ( #1399, #231, #1879, #431, #413, #1038, #2834, #2449, #1762, #1004, #2331, #3018, #1154, #300, #125, #2244, #1316, #1960, #2707, #1196, #1860, #2738, #2956, #1993, #2597, #2062, #3213 ) ) ;
#322 =( GEOMETRIC_REPRESENTATION_CONTEXT ( 3 ) GLOBAL_UNCERTAINTY_ASSIGNED_CONTEXT ( ( #2863 ) ) GLOBAL_UNIT_ASSIGNED_CONTEXT ( ( #1810, #779, #1795 ) ) REPRESENTATION_CONTEXT ( 'NONE', 'WORKASPACE' ) );
#323 = ORIENTED_EDGE ( 'NONE', *, *, #2079, .F. ) ;
#324 = AXIS2_PLACEMENT_3D ( 'NONE', #3098, #337, #2836 ) ;
#325 = PRESENTATION_STYLE_ASSIGNMENT (( #3043 ) ) ;
#326 = CARTESIAN_POINT ( 'NONE',  ( -2.750000000000000000, -1.587713240271473092, -1.554379906938135658 ) ) ;
#327 = CARTESIAN_POINT ( 'NONE',  ( 0.000000000000000000, 0.000000000000000000, 0.000000000000000000 ) ) ;
#328 = ITEM_DEFINED_TRANSFORMATION ( 'NONE', 'NONE', #1142,  #2670 ) ;
#329 = ORIENTED_EDGE ( 'NONE', *, *, #1797, .T. ) ;
#330 = DIRECTION ( 'NONE',  ( 0.000000000000000000, 0.000000000000000000, 1.000000000000000000 ) ) ;
#331 = CONICAL_SURFACE ( 'NONE', #1513, 1.224999999999999423, 0.9599310885968770357 ) ;
#332 = DIRECTION ( 'NONE',  ( -0.000000000000000000, 0.000000000000000000, -1.000000000000000000 ) ) ;
#333 = AXIS2_PLACEMENT_3D ( 'NONE', #2652, #703, #1387 ) ;
#334 = ORIENTED_EDGE ( 'NONE', *, *, #2915, .T. ) ;
#335 = EDGE_CURVE ( 'NONE', #2026, #2817, #1560, .T. ) ;
#336 = CIRCLE ( 'NONE', #1467, 1.279999999999999805 ) ;
#337 = DIRECTION ( 'NONE',  ( 0.000000000000000000, 1.000000000000000000, 0.000000000000000000 ) ) ;
#338 = EDGE_LOOP ( 'NONE', ( #323, #765 ) ) ;
#339 =( GEOMETRIC_REPRESENTATION_CONTEXT ( 3 ) GLOBAL_UNCERTAINTY_ASSIGNED_CONTEXT ( ( #51 ) ) GLOBAL_UNIT_ASSIGNED_CONTEXT ( ( #2143, #1139, #1349 ) ) REPRESENTATION_CONTEXT ( 'NONE', 'WORKASPACE' ) );
#340 = CARTESIAN_POINT ( 'NONE',  ( 3.469446951953614189E-15, 2.000000000000000000, 40.00000000000000000 ) ) ;
#341 = EDGE_CURVE ( 'NONE', #2885, #993, #185, .T. ) ;
#342 = DIRECTION ( 'NONE',  ( -0.000000000000000000, 0.000000000000000000, -1.000000000000000000 ) ) ;
#343 = DIRECTION ( 'NONE',  ( -0.000000000000000000, 1.000000000000000000, -0.000000000000000000 ) ) ;
#344 = DIRECTION ( 'NONE',  ( 0.000000000000000000, 1.000000000000000000, 0.000000000000000000 ) ) ;
#345 = CONTEXT_DEPENDENT_SHAPE_REPRESENTATION ( #1012, #629 ) ;
#346 = VERTEX_POINT ( 'NONE', #1056 ) ;
#347 = CARTESIAN_POINT ( 'NONE',  ( -1.375000000000001776, -2.381569860407205308, 0.000000000000000000 ) ) ;
#348 =( LENGTH_UNIT ( ) NAMED_UNIT ( * ) SI_UNIT ( .MILLI., .METRE. ) );
#349 = LINE ( 'NONE', #638, #1935 ) ;
#350 = VERTEX_POINT ( 'NONE', #1007 ) ;
#351 = DIRECTION ( 'NONE',  ( -1.000000000000000000, -0.000000000000000000, -0.000000000000000000 ) ) ;
#352 = ORIENTED_EDGE ( 'NONE', *, *, #2973, .T. ) ;
#353 = EDGE_LOOP ( 'NONE', ( #133, #2460, #876 ) ) ;
#354 = CARTESIAN_POINT ( 'NONE',  ( 2.039008344562727615, 0.000000000000000000, 0.000000000000000000 ) ) ;
#355 = EDGE_CURVE ( 'NONE', #3067, #2071, #3094, .T. ) ;
#356 = FACE_OUTER_BOUND ( 'NONE', #2002, .T. ) ;
#357 = CARTESIAN_POINT ( 'NONE',  ( 40.00000000000000000, 0.000000000000000000, -1.750000000000005329 ) ) ;
#358 = EDGE_CURVE ( 'NONE', #1525, #97, #1715, .T. ) ;
#359 = DIRECTION ( 'NONE',  ( -0.000000000000000000, 1.000000000000000000, -0.000000000000000000 ) ) ;
#360 = LINE ( 'NONE', #1337, #433 ) ;
#361 = ORIENTED_EDGE ( 'NONE', *, *, #2146, .T. ) ;
#362 = DIRECTION ( 'NONE',  ( 1.000000000000000000, 0.000000000000000000, 0.000000000000000000 ) ) ;
#363 = EDGE_LOOP ( 'NONE', ( #2260, #2051, #480 ) ) ;
#364 = VERTEX_POINT ( 'NONE', #1283 ) ;
#365 = CONICAL_SURFACE ( 'NONE', #785, 2.750000000000000000, 1.047197551196595633 ) ;
#366 = DIRECTION ( 'NONE',  ( 0.000000000000000000, 0.000000000000000000, -1.000000000000000000 ) ) ;
#367 = PRODUCT_DEFINITION_FORMATION_WITH_SPECIFIED_SOURCE ( 'ANY', '', #1453, .NOT_KNOWN. ) ;
#368 = VECTOR ( 'NONE', #2060, 1000.000000000000000 ) ;
#369 = CYLINDRICAL_SURFACE ( 'NONE', #1732, 1.500000000000000000 ) ;
#370 = EDGE_CURVE ( 'NONE', #459, #1684, #3066, .T. ) ;
#371 = CIRCLE ( 'NONE', #2619, 1.279999999999999805 ) ;
#372 = AXIS2_PLACEMENT_3D ( 'NONE', #1265, #771, #1971 ) ;
#373 = FACE_BOUND ( 'NONE', #2182, .T. ) ;
#374 = CARTESIAN_POINT ( 'NONE',  ( 0.000000000000000000, 0.000000000000000000, 3.999999999999999112 ) ) ;
#375 = CARTESIAN_POINT ( 'NONE',  ( -0.2243700767916257388, 3.045886356309200238, -1.629169932536021603 ) ) ;
#376 = CIRCLE ( 'NONE', #2353, 3.499999999999996003 ) ;
#377 = ADVANCED_FACE ( 'NONE', ( #272 ), #562, .F. ) ;
#378 = CARTESIAN_POINT ( 'NONE',  ( 1.300000000000000044, -1.478016689125444261, 1.409462824231155764E-15 ) ) ;
#379 =( NAMED_UNIT ( * ) SI_UNIT ( $, .STERADIAN. ) SOLID_ANGLE_UNIT ( ) );
#380 = CARTESIAN_POINT ( 'NONE',  ( 1.300000000000000044, -1.108512516844083695, -0.6400000000000001243 ) ) ;
#381 = EDGE_LOOP ( 'NONE', ( #1346, #2469, #64, #458 ) ) ;
#382 = DIRECTION ( 'NONE',  ( 0.000000000000000000, -0.000000000000000000, 1.000000000000000000 ) ) ;
#383 = EDGE_LOOP ( 'NONE', ( #1425, #2120, #2440, #1675 ) ) ;
#384 = PRODUCT_DEFINITION_CONTEXT ( 'detailed design', #2103, 'design' ) ;
#385 = ORIENTED_EDGE ( 'NONE', *, *, #1018, .T. ) ;
#386 = DIRECTION ( 'NONE',  ( 0.000000000000000000, 0.000000000000000000, 1.000000000000000000 ) ) ;
#387 = CIRCLE ( 'NONE', #1152, 2.000000000000000000 ) ;
#388 = CARTESIAN_POINT ( 'NONE',  ( 1.299999999999999156, 0.000000000000000000, 0.000000000000000000 ) ) ;
#389 = VECTOR ( 'NONE', #2366, 1000.000000000000114 ) ;
#390 = FACE_OUTER_BOUND ( 'NONE', #2785, .T. ) ;
#391 = DIRECTION ( 'NONE',  ( 0.000000000000000000, -1.000000000000000000, 0.000000000000000000 ) ) ;
#392 = DIRECTION ( 'NONE',  ( 0.000000000000000000, 1.000000000000000000, 0.000000000000000000 ) ) ;
#393 = EDGE_CURVE ( 'NONE', #1088, #364, #986, .T. ) ;
#394 = LINE ( 'NONE', #3155, #551 ) ;
#395 = LINE ( 'NONE', #2384, #2790 ) ;
#396 = EDGE_CURVE ( 'NONE', #415, #1388, #2406, .T. ) ;
#397 = ORIENTED_EDGE ( 'NONE', *, *, #573, .F. ) ;
#398 = CARTESIAN_POINT ( 'NONE',  ( 1.300000000000000044, -0.7390083445627211312, 1.280000000000001137 ) ) ;
#399 = EDGE_CURVE ( 'NONE', #1801, #704, #2441, .T. ) ;
#400 = ORIENTED_EDGE ( 'NONE', *, *, #1501, .T. ) ;
#401 = ORIENTED_EDGE ( 'NONE', *, *, #3061, .F. ) ;
#402 = CARTESIAN_POINT ( 'NONE',  ( 0.000000000000000000, 20.00000000000000000, 0.000000000000000000 ) ) ;
#403 = DIRECTION ( 'NONE',  ( 1.000000000000000000, 0.000000000000000000, 0.000000000000000000 ) ) ;
#404 = DIRECTION ( 'NONE',  ( 0.000000000000000000, 0.000000000000000000, 1.000000000000000000 ) ) ;
#405 = FACE_OUTER_BOUND ( 'NONE', #2356, .T. ) ;
#406 = CARTESIAN_POINT ( 'NONE',  ( 0.000000000000000000, 0.000000000000000000, -1.774599999999997735 ) ) ;
#407 = VERTEX_POINT ( 'NONE', #513 ) ;
#408 = DIRECTION ( 'NONE',  ( 0.000000000000000000, 0.000000000000000000, 1.000000000000000000 ) ) ;
#409 =( NAMED_UNIT ( * ) PLANE_ANGLE_UNIT ( ) SI_UNIT ( $, .RADIAN. ) );
#410 = DIRECTION ( 'NONE',  ( 0.000000000000000000, 0.000000000000000000, -1.000000000000000000 ) ) ;
#411 = SHAPE_REPRESENTATION ( 'socket head cap screw_iso_ISO 4762 M3 x 30 - 18N', ( #2670 ), #2457 ) ;
#412 = ORIENTED_EDGE ( 'NONE', *, *, #2782, .F. ) ;
#413 = ADVANCED_FACE ( 'NONE', ( #1825 ), #874, .T. ) ;
#414 = DIRECTION ( 'NONE',  ( 0.000000000000000000, 1.000000000000000000, 0.000000000000000000 ) ) ;
#415 = VERTEX_POINT ( 'NONE', #1624 ) ;
#416 = EDGE_LOOP ( 'NONE', ( #1809, #1947, #2711, #2838 ) ) ;
#417 = EDGE_CURVE ( 'NONE', #862, #620, #1842, .T. ) ;
#418 = CARTESIAN_POINT ( 'NONE',  ( -1.250000000000000000, 1.530808498934191571E-16, -1.599548115447571472 ) ) ;
#419 = CARTESIAN_POINT ( 'NONE',  ( -10.50000000000000178, 0.000000000000000000, 5.999999999999996447 ) ) ;
#420 = VECTOR ( 'NONE', #3132, 1000.000000000000000 ) ;
#421 = TOROIDAL_SURFACE ( 'NONE', #2241, 2.834474337496063256, 0.5000000000000000000 ) ;
#422 = FACE_OUTER_BOUND ( 'NONE', #3020, .T. ) ;
#423 = DIRECTION ( 'NONE',  ( -0.000000000000000000, 1.000000000000000000, 1.224646799147353207E-16 ) ) ;
#424 = AXIS2_PLACEMENT_3D ( 'NONE', #1125, #1383, #220 ) ;
#425 = CARTESIAN_POINT ( 'NONE',  ( 0.000000000000000000, -1.478016689125444261, 1.409462824231155764E-15 ) ) ;
#426 = AXIS2_PLACEMENT_3D ( 'NONE', #2757, #2557, #319 ) ;
#427 = CARTESIAN_POINT ( 'NONE',  ( 3.471229924679868528E-16, -9.500000000000000000, -2.834474337496063256 ) ) ;
#428 = VERTEX_POINT ( 'NONE', #1377 ) ;
#429 = DIRECTION ( 'NONE',  ( -0.000000000000000000, 1.000000000000000000, -0.000000000000000000 ) ) ;
#430 = ORIENTED_EDGE ( 'NONE', *, *, #632, .F. ) ;
#431 = ADVANCED_FACE ( 'NONE', ( #621 ), #2461, .T. ) ;
#432 = EDGE_LOOP ( 'NONE', ( #1414, #3017, #443 ) ) ;
#433 = VECTOR ( 'NONE', #2101, 999.9999999999998863 ) ;
#434 = DIRECTION ( 'NONE',  ( -1.000000000000000000, -0.000000000000000000, -0.000000000000000000 ) ) ;
#435 = EDGE_CURVE ( 'NONE', #1686, #1669, #1248, .T. ) ;
#436 = VECTOR ( 'NONE', #1573, 999.9999999999998863 ) ;
#437 = MECHANICAL_DESIGN_GEOMETRIC_PRESENTATION_REPRESENTATION (  '', ( #1835 ), #339 ) ;
#438 = DIRECTION ( 'NONE',  ( 0.000000000000000000, 0.000000000000000000, -1.000000000000000000 ) ) ;
#439 = DIRECTION ( 'NONE',  ( -0.000000000000000000, -1.000000000000000000, -0.000000000000000000 ) ) ;
#440 = AXIS2_PLACEMENT_3D ( 'NONE', #1951, #1227, #1001 ) ;
#441 = CARTESIAN_POINT ( 'NONE',  ( -2.750000000000000444, 0.5405639250603672119, -0.02369969086895146529 ) ) ;
#442 = CARTESIAN_POINT ( 'NONE',  ( -2.750000000000000000, -1.587713240271473092, -0.2456200930618641920 ) ) ;
#443 = ORIENTED_EDGE ( 'NONE', *, *, #341, .F. ) ;
#444 = VERTEX_POINT ( 'NONE', #2105 ) ;
#445 = EDGE_LOOP ( 'NONE', ( #2292, #661, #495, #2734 ) ) ;
#446 = DIRECTION ( 'NONE',  ( 0.000000000000000000, 0.000000000000000000, 1.000000000000000000 ) ) ;
#447 = PRODUCT ( 'socket head cap screw_iso_ISO 4762 M3 x 30 - 18N', 'socket head cap screw_iso_ISO 4762 M3 x 30 - 18N', '', ( #1968 ) ) ;
#448 = EDGE_CURVE ( 'NONE', #2920, #2026, #2070, .T. ) ;
#449 = FACE_OUTER_BOUND ( 'NONE', #1979, .T. ) ;
#450 = DIRECTION ( 'NONE',  ( 0.000000000000000000, 1.000000000000000000, -1.613814510362182277E-15 ) ) ;
#451 = EDGE_CURVE ( 'NONE', #2760, #3114, #3190, .T. ) ;
#452 = DIRECTION ( 'NONE',  ( 0.8191520442889893561, 0.000000000000000000, 0.5735764363510496011 ) ) ;
#453 = CARTESIAN_POINT ( 'NONE',  ( -7.207442692966891719E-14, 39.99999999999999289, 5.950533466813077951E-30 ) ) ;
#454 = DIRECTION ( 'NONE',  ( -1.000000000000000000, -0.000000000000000000, -0.000000000000000000 ) ) ;
#455 = ORIENTED_EDGE ( 'NONE', *, *, #1965, .F. ) ;
#456 = APPLICATION_CONTEXT ( 'automotive_design' ) ;
#457 = DIRECTION ( 'NONE',  ( 0.000000000000000000, 0.000000000000000000, 1.000000000000000000 ) ) ;
#458 = ORIENTED_EDGE ( 'NONE', *, *, #729, .T. ) ;
#459 = VERTEX_POINT ( 'NONE', #836 ) ;
#460 = DIRECTION ( 'NONE',  ( -1.000000000000000000, 0.000000000000000000, 0.000000000000000000 ) ) ;
#461 = DIRECTION ( 'NONE',  ( 0.000000000000000000, 0.000000000000000000, 1.000000000000000000 ) ) ;
#462 = EDGE_LOOP ( 'NONE', ( #2716, #1343 ) ) ;
#463 = LINE ( 'NONE', #977, #1036 ) ;
#464 = CARTESIAN_POINT ( 'NONE',  ( 0.000000000000000000, 0.000000000000000000, 0.000000000000000000 ) ) ;
#465 = ADVANCED_FACE ( 'NONE', ( #1118 ), #934, .T. ) ;
#466 = CARTESIAN_POINT ( 'NONE',  ( 2.750000000000000000, 0.000000000000000000, 0.000000000000000000 ) ) ;
#467 = DIRECTION ( 'NONE',  ( 0.000000000000000000, 0.000000000000000000, -1.000000000000000000 ) ) ;
#468 = AXIS2_PLACEMENT_3D ( 'NONE', #2579, #793, #1545 ) ;
#469 = AXIS2_PLACEMENT_3D ( 'NONE', #949, #3214, #2761 ) ;
#470 = ADVANCED_FACE ( 'NONE', ( #1806 ), #2851, .F. ) ;
#471 = ORIENTED_EDGE ( 'NONE', *, *, #358, .T. ) ;
#472 = AXIS2_PLACEMENT_3D ( 'NONE', #1882, #634, #123 ) ;
#473 = AXIS2_PLACEMENT_3D ( 'NONE', #493, #1773, #548 ) ;
#474 = CARTESIAN_POINT ( 'NONE',  ( 2.750000000000000000, 0.000000000000000000, -1.800000000000000044 ) ) ;
#475 = DIRECTION ( 'NONE',  ( 0.000000000000000000, 0.000000000000000000, 1.000000000000000000 ) ) ;
#476 = AXIS2_PLACEMENT_3D ( 'NONE', #2624, #1068, #132 ) ;
#477 = VERTEX_POINT ( 'NONE', #3124 ) ;
#478 = LINE ( 'NONE', #1465, #887 ) ;
#479 = FACE_OUTER_BOUND ( 'NONE', #1008, .T. ) ;
#480 = ORIENTED_EDGE ( 'NONE', *, *, #1846, .F. ) ;
#481 = COLOUR_RGB ( '',0.7921568627450980005, 0.8196078431372548767, 0.9333333333333333481 ) ;
#482 = FACE_OUTER_BOUND ( 'NONE', #1050, .T. ) ;
#483 = AXIS2_PLACEMENT_3D ( 'NONE', #1194, #3201, #2666 ) ;
#484 = DIRECTION ( 'NONE',  ( -1.000000000000000000, -0.000000000000000000, -0.000000000000000000 ) ) ;
#485 = CIRCLE ( 'NONE', #2893, 4.000000000000000000 ) ;
#486 = PRODUCT_RELATED_PRODUCT_CATEGORY ( 'part', '', ( #1453 ) ) ;
#487 = DIRECTION ( 'NONE',  ( 0.000000000000000000, 1.000000000000000000, 0.000000000000000000 ) ) ;
#488 = APPLICATION_PROTOCOL_DEFINITION ( 'draft international standard', 'automotive_design', 1998, #2103 ) ;
#489 = CARTESIAN_POINT ( 'NONE',  ( -2.750000000000000000, -0.2682974265912528300, -1.800000000000000488 ) ) ;
#490 = AXIS2_PLACEMENT_3D ( 'NONE', #105, #1091, #43 ) ;
#491 = ORIENTED_EDGE ( 'NONE', *, *, #539, .F. ) ;
#492 = ADVANCED_FACE ( 'NONE', ( #2818 ), #578, .F. ) ;
#493 = CARTESIAN_POINT ( 'NONE',  ( 1.299999999999999156, 0.000000000000000000, 0.000000000000000000 ) ) ;
#494 =( NAMED_UNIT ( * ) PLANE_ANGLE_UNIT ( ) SI_UNIT ( $, .RADIAN. ) );
#495 = ORIENTED_EDGE ( 'NONE', *, *, #2654, .T. ) ;
#496 = EDGE_CURVE ( 'NONE', #117, #2119, #2118, .T. ) ;
#497 = CARTESIAN_POINT ( 'NONE',  ( 40.00000000000000000, 0.000000000000000000, -1.734723475976807094E-15 ) ) ;
#498 = VERTEX_POINT ( 'NONE', #1579 ) ;
#499 = CARTESIAN_POINT ( 'NONE',  ( -2.750000000000000000, 1.587713240271470871, -0.2456200930618636091 ) ) ;
#500 = ORIENTED_EDGE ( 'NONE', *, *, #2305, .T. ) ;
#501 = CARTESIAN_POINT ( 'NONE',  ( 1.300000000000000044, 0.7390083445627172454, -1.280000000000001137 ) ) ;
#502 = B_SPLINE_CURVE_WITH_KNOTS ( 'NONE', 3,
 ( #3005, #532, #789, #552, #2507, #2028 ),
 .UNSPECIFIED., .F., .F.,
 ( 4, 2, 4 ),
 ( 0.001606744326298686866, 0.002406996759593249633, 0.003207249192887812184 ),
 .UNSPECIFIED. ) ;
#503 = CARTESIAN_POINT ( 'NONE',  ( 0.4498622899576193990, 2.915698366337649450, -0.09566599640799448856 ) ) ;
#504 = PRODUCT ( 'hex thin nut chamfered gradeab_iso_ISO - 4035 - M3 - N', 'hex thin nut chamfered gradeab_iso_ISO - 4035 - M3 - N', '', ( #782 ) ) ;
#505 = FACE_OUTER_BOUND ( 'NONE', #761, .T. ) ;
#506 = APPLICATION_PROTOCOL_DEFINITION ( 'draft international standard', 'automotive_design', 1998, #301 ) ;
#507 = FACE_OUTER_BOUND ( 'NONE', #1775, .T. ) ;
#508 = ORIENTED_EDGE ( 'NONE', *, *, #1393, .F. ) ;
#509 = CARTESIAN_POINT ( 'NONE',  ( 2.750000000000000000, 1.587713240271473092, -1.554379906938135658 ) ) ;
#510 = DIRECTION ( 'NONE',  ( 0.000000000000000000, 0.000000000000000000, 1.000000000000000000 ) ) ;
#511 = ORIENTED_EDGE ( 'NONE', *, *, #1304, .T. ) ;
#512 = ADVANCED_FACE ( 'NONE', ( #2591, #144 ), #2354, .F. ) ;
#513 = CARTESIAN_POINT ( 'NONE',  ( 2.750000000000000000, 0.000000000000000000, -1.800000000000000044 ) ) ;
#514 = ORIENTED_EDGE ( 'NONE', *, *, #215, .T. ) ;
#515 = DIRECTION ( 'NONE',  ( 0.000000000000000000, -0.5000000000000011102, -0.8660254037844379305 ) ) ;
#516 = EDGE_LOOP ( 'NONE', ( #2102, #1538 ) ) ;
#517 = ADVANCED_FACE ( 'NONE', ( #1854 ), #1509, .F. ) ;
#518 = CARTESIAN_POINT ( 'NONE',  ( -2.525629923208373206, -1.717253364505213487, -1.629169932536021381 ) ) ;
#519 = CARTESIAN_POINT ( 'NONE',  ( 1.300000000000000044, -0.7390083445627211312, 1.280000000000001137 ) ) ;
#520 = CARTESIAN_POINT ( 'NONE',  ( 33.00000000000000000, 0.000000000000000000, 0.000000000000000000 ) ) ;
#521 = APPLICATION_PROTOCOL_DEFINITION ( 'draft international standard', 'automotive_design', 1998, #456 ) ;
#522 = ORIENTED_EDGE ( 'NONE', *, *, #2541, .F. ) ;
#523 = CARTESIAN_POINT ( 'NONE',  ( -31.74999999999995737, 0.000000000000000000, 0.000000000000000000 ) ) ;
#524 = AXIS2_PLACEMENT_3D ( 'NONE', #1260, #2194, #3199 ) ;
#525 = PRODUCT_DEFINITION_FORMATION_WITH_SPECIFIED_SOURCE ( 'ANY', '', #2429, .NOT_KNOWN. ) ;
#526 = VECTOR ( 'NONE', #2974, 1000.000000000000000 ) ;
#527 = DIRECTION ( 'NONE',  ( 0.000000000000000000, -0.4999999999999993339, 0.8660254037844389297 ) ) ;
#528 = SURFACE_STYLE_FILL_AREA ( #1972 ) ;
#529 = EDGE_LOOP ( 'NONE', ( #2700, #2219, #1165, #2704, #3091 ) ) ;
#530 = AXIS2_PLACEMENT_3D ( 'NONE', #3118, #2127, #1219 ) ;
#531 = AXIS2_PLACEMENT_3D ( 'NONE', #175, #2115, #686 ) ;
#532 = CARTESIAN_POINT ( 'NONE',  ( 1.141614847838142044, -2.516314840832719835, -3.430483436379915141E-17 ) ) ;
#533 = EDGE_CURVE ( 'NONE', #1515, #459, #1563, .T. ) ;
#534 = ORIENTED_EDGE ( 'NONE', *, *, #2267, .T. ) ;
#535 = CIRCLE ( 'NONE', #1772, 1.750000000000001554 ) ;
#536 = DIRECTION ( 'NONE',  ( 0.000000000000000000, 0.000000000000000000, -1.000000000000000000 ) ) ;
#537 = DIRECTION ( 'NONE',  ( 0.000000000000000000, 1.000000000000000000, 0.000000000000000000 ) ) ;
#538 = DIRECTION ( 'NONE',  ( 0.000000000000000000, 1.000000000000000000, 0.000000000000000000 ) ) ;
#539 = EDGE_CURVE ( 'NONE', #2339, #2119, #1611, .T. ) ;
#540 = CARTESIAN_POINT ( 'NONE',  ( -40.00000000000000000, 0.000000000000000000, -1.750000000000006883 ) ) ;
#541 = AXIS2_PLACEMENT_3D ( 'NONE', #859, #332, #2882 ) ;
#542 = CARTESIAN_POINT ( 'NONE',  ( 3.469446951953614189E-15, 0.000000000000000000, 40.00000000000000000 ) ) ;
#543 = DIRECTION ( 'NONE',  ( 1.659613348211625064E-15, 4.336808689942302466E-17, 1.000000000000000000 ) ) ;
#544 = ORIENTED_EDGE ( 'NONE', *, *, #2830, .T. ) ;
#545 = CARTESIAN_POINT ( 'NONE',  ( -1.250000000000000000, 1.530808498934191571E-16, -1.800000000000000044 ) ) ;
#546 = CIRCLE ( 'NONE', #2792, 1.750000000000003553 ) ;
#547 = CIRCLE ( 'NONE', #490, 1.750000000000001554 ) ;
#548 = DIRECTION ( 'NONE',  ( 0.000000000000000000, 0.000000000000000000, 1.000000000000000000 ) ) ;
#549 = CARTESIAN_POINT ( 'NONE',  ( -1.375000000000000888, 2.381569860407206196, -1.800000000000000044 ) ) ;
#550 = ORIENTED_EDGE ( 'NONE', *, *, #2508, .F. ) ;
#551 = VECTOR ( 'NONE', #908, 1000.000000000000114 ) ;
#552 = CARTESIAN_POINT ( 'NONE',  ( 0.4506121144344744089, -2.915265454974094617, -0.1090894304641099738 ) ) ;
#553 = ORIENTED_EDGE ( 'NONE', *, *, #1856, .T. ) ;
#554 = CARTESIAN_POINT ( 'NONE',  ( 0.000000000000000000, 0.000000000000000000, 0.000000000000000000 ) ) ;
#555 = CYLINDRICAL_SURFACE ( 'NONE', #948, 1.749999999999994671 ) ;
#556 = EDGE_CURVE ( 'NONE', #1024, #2520, #2249, .T. ) ;
#557 = DIRECTION ( 'NONE',  ( -0.7071067811865334729, 0.000000000000000000, 0.7071067811865617836 ) ) ;
#558 = ORIENTED_EDGE ( 'NONE', *, *, #2756, .T. ) ;
#559 = LINE ( 'NONE', #65, #751 ) ;
#560 =( NAMED_UNIT ( * ) PLANE_ANGLE_UNIT ( ) SI_UNIT ( $, .RADIAN. ) );
#561 = ORIENTED_EDGE ( 'NONE', *, *, #614, .T. ) ;
#562 = CYLINDRICAL_SURFACE ( 'NONE', #426, 2.750000000000000000 ) ;
#563 = ORIENTED_EDGE ( 'NONE', *, *, #1320, .F. ) ;
#564 = FACE_OUTER_BOUND ( 'NONE', #1544, .T. ) ;
#565 = DIRECTION ( 'NONE',  ( 0.000000000000000000, 1.000000000000000000, 0.000000000000000000 ) ) ;
#566 = CARTESIAN_POINT ( 'NONE',  ( 1.300000000000000044, 1.108512516844079032, -0.6400000000000021227 ) ) ;
#567 = CONTEXT_DEPENDENT_SHAPE_REPRESENTATION ( #2044, #1398 ) ;
#568 = EDGE_LOOP ( 'NONE', ( #2450, #2373, #2203, #1120 ) ) ;
#569 = DIRECTION ( 'NONE',  ( 0.000000000000000000, 0.000000000000000000, 1.000000000000000000 ) ) ;
#570 = EDGE_CURVE ( 'NONE', #2374, #407, #2723, .T. ) ;
#571 = B_SPLINE_CURVE_WITH_KNOTS ( 'NONE', 3,
 ( #442, #1129, #2176, #2131, #669, #3142 ),
 .UNSPECIFIED., .F., .F.,
 ( 4, 2, 4 ),
 ( 0.002832689070575954583, 0.003635789392948010450, 0.004438889715320065883 ),
 .UNSPECIFIED. ) ;
#572 = CARTESIAN_POINT ( 'NONE',  ( 0.000000000000000000, 2.000000000000000000, 0.000000000000000000 ) ) ;
#573 = EDGE_CURVE ( 'NONE', #2473, #5, #160, .T. ) ;
#574 = CONICAL_SURFACE ( 'NONE', #1867, 2.750000000000000000, 1.047197551196595633 ) ;
#575 = ORIENTED_EDGE ( 'NONE', *, *, #3111, .T. ) ;
#576 = AXIS2_PLACEMENT_3D ( 'NONE', #1571, #62, #798 ) ;
#577 = STYLED_ITEM ( 'NONE', ( #2225 ), #2847 ) ;
#578 = CYLINDRICAL_SURFACE ( 'NONE', #581, 2.000000000000000000 ) ;
#579 = EDGE_LOOP ( 'NONE', ( #2592, #145, #1898, #238, #1505 ) ) ;
#580 = CYLINDRICAL_SURFACE ( 'NONE', #2403, 1.750000000000003553 ) ;
#581 = AXIS2_PLACEMENT_3D ( 'NONE', #2387, #852, #596 ) ;
#582 = CIRCLE ( 'NONE', #2407, 1.250000000000000000 ) ;
#583 = CARTESIAN_POINT ( 'NONE',  ( -2.299387885565524314, -1.847874265840322439, -0.1090894304641085305 ) ) ;
#584 = DIRECTION ( 'NONE',  ( -0.000000000000000000, -0.000000000000000000, 1.000000000000000000 ) ) ;
#585 = CARTESIAN_POINT ( 'NONE',  ( 1.843520544858950672, -2.111069397712023399, -1.800000000000000266 ) ) ;
#586 = COLOUR_RGB ( '',0.7921568627450980005, 0.8196078431372548767, 0.9333333333333333481 ) ;
#587 = ITEM_DEFINED_TRANSFORMATION ( 'NONE', 'NONE', #2186,  #2670 ) ;
#588 = ORIENTED_EDGE ( 'NONE', *, *, #2310, .T. ) ;
#589 = LINE ( 'NONE', #2613, #436 ) ;
#590 = DIRECTION ( 'NONE',  ( 0.000000000000000000, 1.000000000000000000, 0.000000000000000000 ) ) ;
#591 = CIRCLE ( 'NONE', #286, 44.99999999999999289 ) ;
#592 = ORIENTED_EDGE ( 'NONE', *, *, #2993, .T. ) ;
#593 = ADVANCED_FACE ( 'NONE', ( #3188 ), #2699, .F. ) ;
#594 = AXIS2_PLACEMENT_3D ( 'NONE', #2329, #565, #1546 ) ;
#595 = EDGE_CURVE ( 'NONE', #3027, #1428, #2086, .T. ) ;
#596 = DIRECTION ( 'NONE',  ( 0.000000000000000000, 0.000000000000000000, -1.000000000000000000 ) ) ;
#597 = VERTEX_POINT ( 'NONE', #923 ) ;
#598 = AXIS2_PLACEMENT_3D ( 'NONE', #253, #198, #1729 ) ;
#599 = CARTESIAN_POINT ( 'NONE',  ( 40.00000000000000000, 0.000000000000000000, -1.734723475976807094E-15 ) ) ;
#600 = ADVANCED_FACE ( 'NONE', ( #193, #660 ), #2180, .T. ) ;
#601 = FACE_OUTER_BOUND ( 'NONE', #2837, .T. ) ;
#602 = DIRECTION ( 'NONE',  ( 0.000000000000000000, 1.000000000000000000, 0.000000000000000000 ) ) ;
#603 = CARTESIAN_POINT ( 'NONE',  ( -2.750000000000000000, 1.587713240271470871, -0.2456200930618636091 ) ) ;
#604 = ORIENTED_EDGE ( 'NONE', *, *, #2654, .F. ) ;
#605 = CARTESIAN_POINT ( 'NONE',  ( -0.9064794551410538803, -2.652070323102391658, 5.131318878192512916E-16 ) ) ;
#606 = CARTESIAN_POINT ( 'NONE',  ( -4.987329993433320396E-15, -3.175426480542942631, -0.2456200930618641920 ) ) ;
#607 = ORIENTED_EDGE ( 'NONE', *, *, #3130, .F. ) ;
#608 = DIRECTION ( 'NONE',  ( -0.000000000000000000, 1.000000000000000000, -0.000000000000000000 ) ) ;
#609 = EDGE_LOOP ( 'NONE', ( #1163, #182, #2689, #2304 ) ) ;
#610 = ADVANCED_FACE ( 'NONE', ( #3171 ), #939, .F. ) ;
#611 = ORIENTED_EDGE ( 'NONE', *, *, #314, .T. ) ;
#612 = DIRECTION ( 'NONE',  ( 1.000000000000000000, 0.000000000000000000, 0.000000000000000000 ) ) ;
#613 = FACE_OUTER_BOUND ( 'NONE', #3184, .T. ) ;
#614 = EDGE_CURVE ( 'NONE', #2071, #3067, #219, .T. ) ;
#615 = CARTESIAN_POINT ( 'NONE',  ( 0.000000000000000000, -9.500000000000000000, 0.000000000000000000 ) ) ;
#616 = DIRECTION ( 'NONE',  ( 0.000000000000000000, 0.8660254037844375974, -0.5000000000000019984 ) ) ;
#617 = MANIFOLD_SOLID_BREP ( 'Fillet1', #154 ) ;
#618 = CARTESIAN_POINT ( 'NONE',  ( 1.843520544858950228, -2.111069397712023843, 1.269729694031287615E-16 ) ) ;
#619 = CARTESIAN_POINT ( 'NONE',  ( 4.898587196589412829E-16, 0.000000000000000000, 4.000000000000000000 ) ) ;
#620 = VERTEX_POINT ( 'NONE', #3144 ) ;
#621 = FACE_OUTER_BOUND ( 'NONE', #1151, .T. ) ;
#622 = ORIENTED_EDGE ( 'NONE', *, *, #2892, .T. ) ;
#623 = EDGE_LOOP ( 'NONE', ( #1642, #289 ) ) ;
#624 = APPLICATION_CONTEXT ( 'automotive_design' ) ;
#625 = AXIS2_PLACEMENT_3D ( 'NONE', #2465, #1210, #2049 ) ;
#626 = CARTESIAN_POINT ( 'NONE',  ( 3.683760141804401487E-15, 2.000000000000000000, 38.25000000000000711 ) ) ;
#627 = AXIS2_PLACEMENT_3D ( 'NONE', #1693, #766, #2705 ) ;
#628 = CARTESIAN_POINT ( 'NONE',  ( -2.750000000000000000, 1.587713240271473092, -1.554379906938135658 ) ) ;
#629 = PRODUCT_DEFINITION_SHAPE ( 'NONE', 'NONE',  #3221 ) ;
#630 = AXIS2_PLACEMENT_3D ( 'NONE', #3101, #1779, #2820 ) ;
#631 = AXIS2_PLACEMENT_3D ( 'NONE', #2254, #1994, #20 ) ;
#632 = EDGE_CURVE ( 'NONE', #1379, #597, #895, .T. ) ;
#633 = FACE_OUTER_BOUND ( 'NONE', #1375, .T. ) ;
#634 = DIRECTION ( 'NONE',  ( -0.000000000000000000, 0.000000000000000000, -1.000000000000000000 ) ) ;
#635 = CARTESIAN_POINT ( 'NONE',  ( 32.71950000000001069, 0.000000000000000000, 1.500000000000000444 ) ) ;
#636 = MANIFOLD_SOLID_BREP ( 'Hex', #321 ) ;
#637 = CARTESIAN_POINT ( 'NONE',  ( 40.00000000000000000, 0.000000000000000000, -1.734723475976807094E-15 ) ) ;
#638 = CARTESIAN_POINT ( 'NONE',  ( -31.74999999999995737, 0.000000000000000000, 2.749999999999999112 ) ) ;
#639 = MECHANICAL_DESIGN_GEOMETRIC_PRESENTATION_REPRESENTATION (  '', ( #279 ), #1144 ) ;
#640 = ORIENTED_EDGE ( 'NONE', *, *, #1695, .T. ) ;
#641 = AXIS2_PLACEMENT_3D ( 'NONE', #128, #3122, #872 ) ;
#642 = DIRECTION ( 'NONE',  ( -1.000000000000000000, 0.000000000000000000, 0.000000000000000000 ) ) ;
#643 = EDGE_LOOP ( 'NONE', ( #2832, #8, #2491, #1313 ) ) ;
#644 = ORIENTED_EDGE ( 'NONE', *, *, #796, .T. ) ;
#645 = VECTOR ( 'NONE', #1816, 1000.000000000000000 ) ;
#646 = CARTESIAN_POINT ( 'NONE',  ( 1.300000000000000044, 1.478016689125441596, -2.059984127722458425E-15 ) ) ;
#647 = VECTOR ( 'NONE', #1305, 1000.000000000000000 ) ;
#648 = FACE_OUTER_BOUND ( 'NONE', #25, .T. ) ;
#649 = VECTOR ( 'NONE', #2030, 1000.000000000000227 ) ;
#650 = DIRECTION ( 'NONE',  ( 0.000000000000000000, 0.000000000000000000, 1.000000000000000000 ) ) ;
#651 = DIRECTION ( 'NONE',  ( -0.000000000000000000, 1.000000000000000000, -0.000000000000000000 ) ) ;
#652 = CARTESIAN_POINT ( 'NONE',  ( 1.299999999999999156, 0.000000000000000000, 0.000000000000000000 ) ) ;
#653 = EDGE_CURVE ( 'NONE', #1495, #252, #2655, .T. ) ;
#654 = DIRECTION ( 'NONE',  ( -1.000000000000000000, -0.000000000000000000, -0.000000000000000000 ) ) ;
#655 = DIRECTION ( 'NONE',  ( 1.000000000000000000, 1.715124499442882891E-15, -1.715124499442882891E-15 ) ) ;
#656 = DIRECTION ( 'NONE',  ( -1.000000000000000000, -0.000000000000000000, -0.000000000000000000 ) ) ;
#657 = EDGE_CURVE ( 'NONE', #1484, #252, #2144, .T. ) ;
#658 = ORIENTED_EDGE ( 'NONE', *, *, #1767, .T. ) ;
#659 = PRODUCT_DEFINITION_SHAPE ( 'NONE', 'NONE',  #3234 ) ;
#660 = FACE_BOUND ( 'NONE', #1290, .T. ) ;
#661 = ORIENTED_EDGE ( 'NONE', *, *, #355, .F. ) ;
#662 = EDGE_LOOP ( 'NONE', ( #640, #1479, #1252, #1271 ) ) ;
#663 = CARTESIAN_POINT ( 'NONE',  ( -40.00000000000000000, 0.000000000000000000, -1.750000000000006883 ) ) ;
#664 = DIRECTION ( 'NONE',  ( 0.000000000000000000, 1.000000000000000000, 0.000000000000000000 ) ) ;
#665 = DIRECTION ( 'NONE',  ( 0.000000000000000000, 0.000000000000000000, 1.000000000000000000 ) ) ;
#666 = ADVANCED_FACE ( 'NONE', ( #989 ), #331, .F. ) ;
#667 = CARTESIAN_POINT ( 'NONE',  ( 0.000000000000000000, -0.7390083445627240177, -1.279999999999999138 ) ) ;
#668 = DIRECTION ( 'NONE',  ( 1.000000000000000000, 0.000000000000000000, 0.000000000000000000 ) ) ;
#669 = CARTESIAN_POINT ( 'NONE',  ( -2.749999999999999556, -0.2682974265912528300, 8.470329472543005317E-19 ) ) ;
#670 = VERTEX_POINT ( 'NONE', #2011 ) ;
#671 = EDGE_CURVE ( 'NONE', #2639, #2133, #1351, .T. ) ;
#672 = CARTESIAN_POINT ( 'NONE',  ( 0.000000000000000000, 0.000000000000000000, -1.800000000000000044 ) ) ;
#673 = VERTEX_POINT ( 'NONE', #1529 ) ;
#674 = ORIENTED_EDGE ( 'NONE', *, *, #851, .T. ) ;
#675 = CARTESIAN_POINT ( 'NONE',  ( 0.000000000000000000, 0.000000000000000000, 2.599999999999999201 ) ) ;
#676 = CIRCLE ( 'NONE', #1184, 2.834474337496063256 ) ;
#677 = CARTESIAN_POINT ( 'NONE',  ( 1.084202172485504434E-15, 3.175426480542943075, -0.2456200930618641920 ) ) ;
#678 = COLOUR_RGB ( '',0.7921568627450980005, 0.8196078431372548767, 0.9333333333333333481 ) ;
#679 = DIRECTION ( 'NONE',  ( 0.000000000000000000, 0.000000000000000000, -1.000000000000000000 ) ) ;
#680 = DIRECTION ( 'NONE',  ( 0.000000000000000000, 0.000000000000000000, 1.000000000000000000 ) ) ;
#681 = CIRCLE ( 'NONE', #2931, 1.749999999999994671 ) ;
#682 = PRODUCT_DEFINITION_SHAPE ( 'NONE', 'NONE',  #2283 ) ;
#683 = LINE ( 'NONE', #870, #1895 ) ;
#684 = AXIS2_PLACEMENT_3D ( 'NONE', #1703, #2721, #1976 ) ;
#685 = AXIS2_PLACEMENT_3D ( 'NONE', #1888, #2383, #2665 ) ;
#686 = DIRECTION ( 'NONE',  ( 1.715124499442882891E-15, 6.505213034915967884E-18, 1.000000000000000000 ) ) ;
#687 = DIRECTION ( 'NONE',  ( 0.000000000000000000, 0.000000000000000000, 1.000000000000000000 ) ) ;
#688 = ORIENTED_EDGE ( 'NONE', *, *, #1140, .F. ) ;
#689 = DIRECTION ( 'NONE',  ( -0.000000000000000000, 1.000000000000000000, -0.000000000000000000 ) ) ;
#690 = ORIENTED_EDGE ( 'NONE', *, *, #570, .T. ) ;
#691 = EDGE_LOOP ( 'NONE', ( #1564, #1907, #1177, #508 ) ) ;
#692 = ADVANCED_FACE ( 'NONE', ( #1724, #2823, #269, #3030, #787 ), #1249, .T. ) ;
#693 = ORIENTED_EDGE ( 'NONE', *, *, #73, .F. ) ;
#694 = CARTESIAN_POINT ( 'NONE',  ( 3.100000000000005418, 0.000000000000000000, 0.000000000000000000 ) ) ;
#695 = AXIS2_PLACEMENT_3D ( 'NONE', #406, #1384, #153 ) ;
#696 = EDGE_CURVE ( 'NONE', #1702, #1957, #162, .T. ) ;
#697 = CIRCLE ( 'NONE', #594, 1.750000000000003553 ) ;
#698 = DIRECTION ( 'NONE',  ( -0.000000000000000000, -0.000000000000000000, 1.000000000000000000 ) ) ;
#699 = CARTESIAN_POINT ( 'NONE',  ( 2.750000000000000000, 1.587713240271473092, -0.2456200930618641920 ) ) ;
#700 = AXIS2_PLACEMENT_3D ( 'NONE', #2899, #2382, #2416 ) ;
#701 = CARTESIAN_POINT ( 'NONE',  ( -1.375000000000000888, 2.381569860407206196, 0.000000000000000000 ) ) ;
#702 = DIRECTION ( 'NONE',  ( 0.9712402899081591379, 0.2381014474107938650, -1.665798016067492624E-15 ) ) ;
#703 = DIRECTION ( 'NONE',  ( 0.000000000000000000, 1.000000000000000000, 0.000000000000000000 ) ) ;
#704 = VERTEX_POINT ( 'NONE', #549 ) ;
#705 = DIRECTION ( 'NONE',  ( 0.000000000000000000, 1.000000000000000000, 0.000000000000000000 ) ) ;
#706 = EDGE_LOOP ( 'NONE', ( #1977, #2505, #1894, #1104 ) ) ;
#707 = ORIENTED_EDGE ( 'NONE', *, *, #1018, .F. ) ;
#708 = FACE_OUTER_BOUND ( 'NONE', #416, .T. ) ;
#709 = EDGE_CURVE ( 'NONE', #947, #757, #1047, .T. ) ;
#710 = ORIENTED_EDGE ( 'NONE', *, *, #2814, .F. ) ;
#711 = DIRECTION ( 'NONE',  ( 0.000000000000000000, 1.000000000000000000, 0.000000000000000000 ) ) ;
#712 = VERTEX_POINT ( 'NONE', #1511 ) ;
#713 = DIRECTION ( 'NONE',  ( 0.000000000000000000, 0.000000000000000000, 1.000000000000000000 ) ) ;
#714 = ADVANCED_FACE ( 'NONE', ( #1280 ), #2737, .F. ) ;
#715 = DIRECTION ( 'NONE',  ( 0.000000000000000000, 1.000000000000000000, 0.000000000000000000 ) ) ;
#716 = CARTESIAN_POINT ( 'NONE',  ( 2.749999999999999112, -0.5348566131067987728, -0.02306174136865319843 ) ) ;
#717 = LINE ( 'NONE', #1162, #3149 ) ;
#718 = ORIENTED_EDGE ( 'NONE', *, *, #79, .F. ) ;
#719 = CYLINDRICAL_SURFACE ( 'NONE', #2246, 2.000000000000000000 ) ;
#720 = ORIENTED_EDGE ( 'NONE', *, *, #1224, .F. ) ;
#721 = ORIENTED_EDGE ( 'NONE', *, *, #2508, .T. ) ;
#722 = MANIFOLD_SOLID_BREP ( 'Cut-Extrude2', #1086 ) ;
#723 = ORIENTED_EDGE ( 'NONE', *, *, #1218, .F. ) ;
#724 = DIRECTION ( 'NONE',  ( -0.000000000000000000, -1.000000000000000000, -0.000000000000000000 ) ) ;
#725 = EDGE_LOOP ( 'NONE', ( #968, #3113, #2237, #430 ) ) ;
#726 = PRODUCT_DEFINITION ( 'UNKNOWN', '', #525, #2242 ) ;
#727 = SURFACE_STYLE_FILL_AREA ( #3195 ) ;
#728 = CYLINDRICAL_SURFACE ( 'NONE', #2001, 1.750000000000001554 ) ;
#729 = EDGE_CURVE ( 'NONE', #346, #3123, #1306, .T. ) ;
#730 = TOROIDAL_SURFACE ( 'NONE', #1553, 2.834474337496063256, 0.5000000000000000000 ) ;
#731 = DIRECTION ( 'NONE',  ( -1.000000000000000000, -0.000000000000000000, -0.000000000000000000 ) ) ;
#732 = CARTESIAN_POINT ( 'NONE',  ( 1.082755220867629285E-13, -40.00000000000000000, 25.80000000000000782 ) ) ;
#733 = DIRECTION ( 'NONE',  ( 0.000000000000000000, 0.000000000000000000, -1.000000000000000000 ) ) ;
#734 = CONICAL_SURFACE ( 'NONE', #2563, 3.499999999999996003, 0.7853981633974447263 ) ;
#735 = CIRCLE ( 'NONE', #1138, 2.750000000000000000 ) ;
#736 = VERTEX_POINT ( 'NONE', #619 ) ;
#737 = ADVANCED_FACE ( 'NONE', ( #2336 ), #797, .T. ) ;
#738 = AXIS2_PLACEMENT_3D ( 'NONE', #1589, #362, #1362 ) ;
#739 =( GEOMETRIC_REPRESENTATION_CONTEXT ( 3 ) GLOBAL_UNCERTAINTY_ASSIGNED_CONTEXT ( ( #3100 ) ) GLOBAL_UNIT_ASSIGNED_CONTEXT ( ( #1904, #409, #2912 ) ) REPRESENTATION_CONTEXT ( 'NONE', 'WORKASPACE' ) );
#740 = PRODUCT_DEFINITION_SHAPE ( 'NONE', 'NONE',  #3053 ) ;
#741 = CARTESIAN_POINT ( 'NONE',  ( 2.749999999999999112, -1.587713240271473758, -1.554379906938135658 ) ) ;
#742 = SURFACE_SIDE_STYLE ('',( #528 ) ) ;
#743 = ORIENTED_EDGE ( 'NONE', *, *, #1695, .F. ) ;
#744 = CARTESIAN_POINT ( 'NONE',  ( 3.100000000000005418, 1.959434878635766216E-16, 1.600000000000000977 ) ) ;
#745 = VERTEX_POINT ( 'NONE', #606 ) ;
#746 = CARTESIAN_POINT ( 'NONE',  ( 4.592425496802572000E-16, 20.00000000000000000, 3.499999999999996003 ) ) ;
#747 = ORIENTED_EDGE ( 'NONE', *, *, #2993, .F. ) ;
#748 = AXIS2_PLACEMENT_3D ( 'NONE', #2486, #1771, #3028 ) ;
#749 = LINE ( 'NONE', #1964, #2720 ) ;
#750 = CARTESIAN_POINT ( 'NONE',  ( 40.00000000000000000, 0.000000000000000000, -1.750000000000005329 ) ) ;
#751 = VECTOR ( 'NONE', #359, 1000.000000000000000 ) ;
#752 = CARTESIAN_POINT ( 'NONE',  ( 0.000000000000000000, -10.00000000000000000, 0.000000000000000000 ) ) ;
#753 = DIRECTION ( 'NONE',  ( 0.6934251652443294001, 0.7205286532858178328, -1.244821640672038772E-15 ) ) ;
#754 = DIRECTION ( 'NONE',  ( 0.000000000000000000, 0.000000000000000000, 1.000000000000000000 ) ) ;
#755 = EDGE_CURVE ( 'NONE', #1388, #415, #1668, .T. ) ;
#756 = AXIS2_PLACEMENT_3D ( 'NONE', #464, #715, #225 ) ;
#757 = VERTEX_POINT ( 'NONE', #111 ) ;
#758 = DIRECTION ( 'NONE',  ( 0.000000000000000000, -1.000000000000000000, 1.320393690296332119E-15 ) ) ;
#759 = CARTESIAN_POINT ( 'NONE',  ( 0.000000000000000000, -10.00000000000000000, 0.000000000000000000 ) ) ;
#760 = EDGE_CURVE ( 'NONE', #3083, #1220, #1995, .T. ) ;
#761 = EDGE_LOOP ( 'NONE', ( #778, #3008, #1961, #1116, #957, #2436 ) ) ;
#762 = CARTESIAN_POINT ( 'NONE',  ( 1.375000000000001998, 2.381569860407204864, 0.000000000000000000 ) ) ;
#763 = EDGE_LOOP ( 'NONE', ( #1542, #747, #2204, #1391 ) ) ;
#764 = FACE_OUTER_BOUND ( 'NONE', #1996, .T. ) ;
#765 = ORIENTED_EDGE ( 'NONE', *, *, #1293, .F. ) ;
#766 = DIRECTION ( 'NONE',  ( -1.000000000000000000, -0.000000000000000000, -0.000000000000000000 ) ) ;
#767 = CARTESIAN_POINT ( 'NONE',  ( 0.000000000000000000, 0.000000000000000000, 0.000000000000000000 ) ) ;
#768 = CARTESIAN_POINT ( 'NONE',  ( -0.4498622899576221745, -2.915698366337649894, -1.704334003592004709 ) ) ;
#769 = DIRECTION ( 'NONE',  ( -1.000000000000000000, -0.000000000000000000, -0.000000000000000000 ) ) ;
#770 = ADVANCED_FACE ( 'NONE', ( #829 ), #2600, .T. ) ;
#771 = DIRECTION ( 'NONE',  ( 0.000000000000000000, 1.000000000000000000, 0.000000000000000000 ) ) ;
#772 = ORIENTED_EDGE ( 'NONE', *, *, #827, .T. ) ;
#773 = EDGE_CURVE ( 'NONE', #1725, #1495, #281, .T. ) ;
#774 = CARTESIAN_POINT ( 'NONE',  ( 2.750000000000000000, 1.587713240271473092, -0.2456200930618641920 ) ) ;
#775 = ORIENTED_EDGE ( 'NONE', *, *, #2976, .F. ) ;
#776 = DIRECTION ( 'NONE',  ( -0.000000000000000000, -0.000000000000000000, 1.000000000000000000 ) ) ;
#777 = APPLICATION_CONTEXT ( 'automotive_design' ) ;
#778 = ORIENTED_EDGE ( 'NONE', *, *, #92, .T. ) ;
#779 =( NAMED_UNIT ( * ) PLANE_ANGLE_UNIT ( ) SI_UNIT ( $, .RADIAN. ) );
#780 = CARTESIAN_POINT ( 'NONE',  ( 0.9064794551410519929, 2.652070323102390770, 1.918172493900387567E-15 ) ) ;
#781 = CARTESIAN_POINT ( 'NONE',  ( 1.375000000000000000, -2.381569860407206196, -1.800000000000000044 ) ) ;
#782 = PRODUCT_CONTEXT ( 'NONE', #1338, 'mechanical' ) ;
#783 = VERTEX_POINT ( 'NONE', #2622 ) ;
#784 = CARTESIAN_POINT ( 'NONE',  ( -2.750000000000000000, -1.587713240271473092, -1.554379906938135658 ) ) ;
#785 = AXIS2_PLACEMENT_3D ( 'NONE', #2679, #438, #3117 ) ;
#786 = CARTESIAN_POINT ( 'NONE',  ( 5.510910596163087978E-15, 0.000000000000000000, 44.99999999999999289 ) ) ;
#787 = FACE_OUTER_BOUND ( 'NONE', #1721, .T. ) ;
#788 = EDGE_LOOP ( 'NONE', ( #3127, #561 ) ) ;
#789 = CARTESIAN_POINT ( 'NONE',  ( 0.9085346626517015745, -2.650883748492879111, -0.02351960456806205177 ) ) ;
#790 = ORIENTED_EDGE ( 'NONE', *, *, #18, .T. ) ;
#791 = CARTESIAN_POINT ( 'NONE',  ( 1.300000000000000044, 1.478016689125441596, -2.059984127722458425E-15 ) ) ;
#792 = EDGE_CURVE ( 'NONE', #3125, #1973, #1355, .T. ) ;
#793 = DIRECTION ( 'NONE',  ( -0.000000000000000000, 0.000000000000000000, -1.000000000000000000 ) ) ;
#794 = LINE ( 'NONE', #28, #2081 ) ;
#795 = FACE_BOUND ( 'NONE', #462, .T. ) ;
#796 = EDGE_CURVE ( 'NONE', #2688, #27, #2369, .T. ) ;
#797 = CONICAL_SURFACE ( 'NONE', #2256, 2.750000000000000000, 1.047197551196595633 ) ;
#798 = DIRECTION ( 'NONE',  ( -1.000000000000000000, 0.000000000000000000, 0.000000000000000000 ) ) ;
#799 = ORIENTED_EDGE ( 'NONE', *, *, #2390, .F. ) ;
#800 = CARTESIAN_POINT ( 'NONE',  ( 0.000000000000000000, 0.000000000000000000, 0.000000000000000000 ) ) ;
#801 = CIRCLE ( 'NONE', #848, 0.1499999999999999667 ) ;
#802 = VECTOR ( 'NONE', #2124, 1000.000000000000000 ) ;
#803 = VERTEX_POINT ( 'NONE', #380 ) ;
#804 = AXIS2_PLACEMENT_3D ( 'NONE', #156, #1372, #408 ) ;
#805 = DIRECTION ( 'NONE',  ( 0.000000000000000000, 0.000000000000000000, 1.000000000000000000 ) ) ;
#806 = ORIENTED_EDGE ( 'NONE', *, *, #260, .T. ) ;
#807 = ORIENTED_EDGE ( 'NONE', *, *, #2854, .F. ) ;
#808 = EDGE_CURVE ( 'NONE', #117, #1794, #2359, .T. ) ;
#809 = FILL_AREA_STYLE ('',( #2560 ) ) ;
#810 = DIRECTION ( 'NONE',  ( 1.000000000000000000, 0.000000000000000000, 0.000000000000000000 ) ) ;
#811 = EDGE_CURVE ( 'NONE', #1428, #3027, #2468, .T. ) ;
#812 = CARTESIAN_POINT ( 'NONE',  ( 0.000000000000000000, 20.00000000000000000, -3.499999999999996003 ) ) ;
#813 = ORIENTED_EDGE ( 'NONE', *, *, #3169, .T. ) ;
#814 = DIRECTION ( 'NONE',  ( 0.000000000000000000, -1.000000000000000000, 0.000000000000000000 ) ) ;
#815 = CARTESIAN_POINT ( 'NONE',  ( -40.00000000000000000, 0.000000000000000000, -3.469446951953614189E-15 ) ) ;
#816 = ORIENTED_EDGE ( 'NONE', *, *, #1099, .F. ) ;
#817 = DIRECTION ( 'NONE',  ( 0.000000000000000000, -0.5000000000000011102, -0.8660254037844379305 ) ) ;
#818 = ORIENTED_EDGE ( 'NONE', *, *, #3150, .F. ) ;
#819 = ORIENTED_EDGE ( 'NONE', *, *, #260, .F. ) ;
#820 = CARTESIAN_POINT ( 'NONE',  ( -1.608385152161861065, -2.246824879981696554, 4.326220778101338982E-16 ) ) ;
#821 = DIRECTION ( 'NONE',  ( 0.000000000000000000, 1.000000000000000000, 0.000000000000000000 ) ) ;
#822 = PRODUCT_RELATED_PRODUCT_CATEGORY ( 'part', '', ( #2429 ) ) ;
#823 = LINE ( 'NONE', #812, #1445 ) ;
#824 = ORIENTED_EDGE ( 'NONE', *, *, #2047, .F. ) ;
#825 = DIRECTION ( 'NONE',  ( 1.000000000000000000, 0.000000000000000000, 0.000000000000000000 ) ) ;
#826 = EDGE_CURVE ( 'NONE', #1669, #1686, #3196, .T. ) ;
#827 = EDGE_CURVE ( 'NONE', #914, #2257, #2629, .T. ) ;
#828 =( NAMED_UNIT ( * ) PLANE_ANGLE_UNIT ( ) SI_UNIT ( $, .RADIAN. ) );
#829 = FACE_OUTER_BOUND ( 'NONE', #383, .T. ) ;
#830 = CIRCLE ( 'NONE', #2663, 1.749999999999994671 ) ;
#831 = EDGE_CURVE ( 'NONE', #1166, #670, #2093, .T. ) ;
#832 = ORIENTED_EDGE ( 'NONE', *, *, #1333, .F. ) ;
#833 = UNCERTAINTY_MEASURE_WITH_UNIT (LENGTH_MEASURE( 1.000000000000000082E-05 ), #1426, 'distance_accuracy_value', 'NONE');
#834 = PRODUCT_DEFINITION_FORMATION_WITH_SPECIFIED_SOURCE ( 'ANY', '', #2377, .NOT_KNOWN. ) ;
#835 = AXIS2_PLACEMENT_3D ( 'NONE', #2443, #9, #2462 ) ;
#836 = CARTESIAN_POINT ( 'NONE',  ( 1.300000000000000044, -1.108512516844082141, 0.6400000000000022338 ) ) ;
#837 = ORIENTED_EDGE ( 'NONE', *, *, #2445, .T. ) ;
#838 = CIRCLE ( 'NONE', #372, 1.750000000000003553 ) ;
#839 = LINE ( 'NONE', #3039, #271 ) ;
#840 = AXIS2_PLACEMENT_3D ( 'NONE', #672, #2435, #2167 ) ;
#841 = CARTESIAN_POINT ( 'NONE',  ( -2.525629923208373206, -1.717253364505213487, -0.1708300674639780525 ) ) ;
#842 = DIRECTION ( 'NONE',  ( -0.000000000000000000, 0.000000000000000000, 1.000000000000000000 ) ) ;
#843 = CYLINDRICAL_SURFACE ( 'NONE', #1975, 1.750000000000003553 ) ;
#844 = ORIENTED_EDGE ( 'NONE', *, *, #3150, .T. ) ;
#845 = CARTESIAN_POINT ( 'NONE',  ( 0.000000000000000000, 0.000000000000000000, -1.800000000000000044 ) ) ;
#846 = EDGE_CURVE ( 'NONE', #2520, #161, #349, .T. ) ;
#847 = PLANE ( 'NONE',  #1097 ) ;
#848 = AXIS2_PLACEMENT_3D ( 'NONE', #1126, #423, #1884 ) ;
#849 = ORIENTED_EDGE ( 'NONE', *, *, #1172, .F. ) ;
#850 = AXIS2_PLACEMENT_3D ( 'NONE', #1660, #1927, #2676 ) ;
#851 = EDGE_CURVE ( 'NONE', #1973, #1166, #96, .T. ) ;
#852 = DIRECTION ( 'NONE',  ( -0.000000000000000000, -1.000000000000000000, -0.000000000000000000 ) ) ;
#853 = VERTEX_POINT ( 'NONE', #85 ) ;
#854 = EDGE_LOOP ( 'NONE', ( #1284, #1360, #2333, #3159 ) ) ;
#855 = CARTESIAN_POINT ( 'NONE',  ( 0.000000000000000000, 0.000000000000000000, 0.000000000000000000 ) ) ;
#856 = DIRECTION ( 'NONE',  ( 0.000000000000000000, -0.5000000000000019984, -0.8660254037844375974 ) ) ;
#857 = DIRECTION ( 'NONE',  ( -0.000000000000000000, -0.000000000000000000, 1.000000000000000000 ) ) ;
#858 = DIRECTION ( 'NONE',  ( 0.000000000000000000, 0.5000000000000019984, 0.8660254037844375974 ) ) ;
#859 = CARTESIAN_POINT ( 'NONE',  ( 0.000000000000000000, 0.000000000000000000, 0.000000000000000000 ) ) ;
#860 = ORIENTED_EDGE ( 'NONE', *, *, #1461, .T. ) ;
#861 = DIRECTION ( 'NONE',  ( -1.000000000000000000, 0.000000000000000000, 0.000000000000000000 ) ) ;
#862 = VERTEX_POINT ( 'NONE', #2054 ) ;
#863 = VERTEX_POINT ( 'NONE', #3079 ) ;
#864 = ADVANCED_FACE ( 'NONE', ( #3095, #1098 ), #847, .T. ) ;
#865 = CARTESIAN_POINT ( 'NONE',  ( 1.299999999999999156, 0.000000000000000000, 0.000000000000000000 ) ) ;
#866 = CARTESIAN_POINT ( 'NONE',  ( 0.000000000000000000, 20.00000000000000000, -2.000000000000000000 ) ) ;
#867 = LINE ( 'NONE', #1861, #2506 ) ;
#868 = DIRECTION ( 'NONE',  ( 1.000000000000000000, 0.000000000000000000, 0.000000000000000000 ) ) ;
#869 = LINE ( 'NONE', #886, #1938 ) ;
#870 = CARTESIAN_POINT ( 'NONE',  ( 0.000000000000000000, 1.478016689125441596, -2.059984127722458425E-15 ) ) ;
#871 = CARTESIAN_POINT ( 'NONE',  ( 0.000000000000000000, 0.000000000000000000, 0.000000000000000000 ) ) ;
#872 = DIRECTION ( 'NONE',  ( 0.000000000000000000, 0.000000000000000000, 1.000000000000000000 ) ) ;
#873 = EDGE_LOOP ( 'NONE', ( #1559, #973, #1840, #197 ) ) ;
#874 = CYLINDRICAL_SURFACE ( 'NONE', #1876, 1.500000000000000888 ) ;
#875 = ORIENTED_EDGE ( 'NONE', *, *, #1059, .T. ) ;
#876 = ORIENTED_EDGE ( 'NONE', *, *, #2892, .F. ) ;
#877 = CONICAL_SURFACE ( 'NONE', #1080, 1.219500000000000028, 0.7853981633974683740 ) ;
#878 = CARTESIAN_POINT ( 'NONE',  ( 5.510910596163087978E-15, 0.000000000000000000, 44.99999999999999289 ) ) ;
#879 = EDGE_CURVE ( 'NONE', #2550, #862, #360, .T. ) ;
#880 = AXIS2_PLACEMENT_3D ( 'NONE', #340, #537, #3055 ) ;
#881 = AXIS2_PLACEMENT_3D ( 'NONE', #2018, #2534, #294 ) ;
#882 = FACE_OUTER_BOUND ( 'NONE', #2253, .T. ) ;
#883 = DIRECTION ( 'NONE',  ( 0.000000000000000000, 0.000000000000000000, 1.000000000000000000 ) ) ;
#884 = EDGE_CURVE ( 'NONE', #1409, #1016, #717, .T. ) ;
#885 = DIRECTION ( 'NONE',  ( 0.000000000000000000, -0.8660254037844390407, -0.4999999999999993894 ) ) ;
#886 = CARTESIAN_POINT ( 'NONE',  ( 1.300000000000000044, -0.7390083445627211312, 1.280000000000001137 ) ) ;
#887 = VECTOR ( 'NONE', #972, 1000.000000000000000 ) ;
#888 = MECHANICAL_DESIGN_GEOMETRIC_PRESENTATION_REPRESENTATION (  '', ( #2570 ), #1881 ) ;
#889 = CARTESIAN_POINT ( 'NONE',  ( 1.375000000000001998, 2.381569860407204864, -1.800000000000000044 ) ) ;
#890 = DIRECTION ( 'NONE',  ( 0.7999999999999980460, 0.6000000000000026423, -1.316588448323046829E-15 ) ) ;
#891 = DIRECTION ( 'NONE',  ( 1.224646799147353454E-16, 0.000000000000000000, -1.000000000000000000 ) ) ;
#892 = PRESENTATION_LAYER_ASSIGNMENT (  '', '', ( #279 ) ) ;
#893 = ORIENTED_EDGE ( 'NONE', *, *, #1817, .T. ) ;
#894 =( GEOMETRIC_REPRESENTATION_CONTEXT ( 3 ) GLOBAL_UNCERTAINTY_ASSIGNED_CONTEXT ( ( #2833 ) ) GLOBAL_UNIT_ASSIGNED_CONTEXT ( ( #1790, #560, #3016 ) ) REPRESENTATION_CONTEXT ( 'NONE', 'WORKASPACE' ) );
#895 = LINE ( 'NONE', #1640, #2939 ) ;
#896 = EDGE_LOOP ( 'NONE', ( #1363, #807, #1223, #275 ) ) ;
#897 = ORIENTED_EDGE ( 'NONE', *, *, #1965, .T. ) ;
#898 = CIRCLE ( 'NONE', #3151, 1.750000000000001554 ) ;
#899 = CARTESIAN_POINT ( 'NONE',  ( 4.898587196589412829E-16, 20.00000000000000000, 4.000000000000000000 ) ) ;
#900 = ORIENTED_EDGE ( 'NONE', *, *, #760, .T. ) ;
#901 = VECTOR ( 'NONE', #1450, 1000.000000000000114 ) ;
#902 = CARTESIAN_POINT ( 'NONE',  ( 0.000000000000000000, 2.000000000000000000, -44.99999999999999289 ) ) ;
#903 = EDGE_CURVE ( 'NONE', #22, #3083, #1649, .T. ) ;
#904 = CARTESIAN_POINT ( 'NONE',  ( 0.000000000000000000, 0.000000000000000000, -25.03750572909317285 ) ) ;
#905 = CARTESIAN_POINT ( 'NONE',  ( 2.750000000000000444, 0.2684568315541764338, -3.811648262644351526E-18 ) ) ;
#906 = ADVANCED_FACE ( 'NONE', ( #920, #1683 ), #191, .T. ) ;
#907 = B_SPLINE_CURVE_WITH_KNOTS ( 'NONE', 3,
 ( #988, #3220, #3182, #2788, #2288, #509 ),
 .UNSPECIFIED., .F., .F.,
 ( 4, 2, 4 ),
 ( 0.004438889715320069353, 0.005242467187915807701, 0.006046044660511546917 ),
 .UNSPECIFIED. ) ;
#908 = DIRECTION ( 'NONE',  ( 0.000000000000000000, 0.4999999999999993339, -0.8660254037844389297 ) ) ;
#909 = DIRECTION ( 'NONE',  ( -1.000000000000000000, 0.000000000000000000, 0.000000000000000000 ) ) ;
#910 = ORIENTED_EDGE ( 'NONE', *, *, #3209, .F. ) ;
#911 = PRODUCT_DEFINITION_SHAPE ( 'NONE', 'NONE',  #3238 ) ;
#912 = SURFACE_STYLE_FILL_AREA ( #3158 ) ;
#913 = ORIENTED_EDGE ( 'NONE', *, *, #2059, .F. ) ;
#914 = VERTEX_POINT ( 'NONE', #1175 ) ;
#915 = LINE ( 'NONE', #1859, #802 ) ;
#916 = FACE_OUTER_BOUND ( 'NONE', #2408, .T. ) ;
#917 = CARTESIAN_POINT ( 'NONE',  ( 2.749999999999998668, 1.070896984529283946, -0.1097913889158300821 ) ) ;
#918 = PRODUCT_RELATED_PRODUCT_CATEGORY ( 'part', '', ( #447 ) ) ;
#919 = DIRECTION ( 'NONE',  ( 0.000000000000000000, 0.000000000000000000, 1.000000000000000000 ) ) ;
#920 = FACE_BOUND ( 'NONE', #1132, .T. ) ;
#921 = EDGE_CURVE ( 'NONE', #97, #1525, #2197, .T. ) ;
#922 = ORIENTED_EDGE ( 'NONE', *, *, #595, .T. ) ;
#923 = CARTESIAN_POINT ( 'NONE',  ( 0.000000000000000000, 2.000000000000000000, -38.25000000000000000 ) ) ;
#924 = EDGE_CURVE ( 'NONE', #2639, #757, #1726, .T. ) ;
#925 = ORIENTED_EDGE ( 'NONE', *, *, #1239, .T. ) ;
#926 = ORIENTED_EDGE ( 'NONE', *, *, #2084, .T. ) ;
#927 = LINE ( 'NONE', #2988, #2264 ) ;
#928 = CIRCLE ( 'NONE', #1653, 1.750000000000003553 ) ;
#929 = PRODUCT_DEFINITION_FORMATION_WITH_SPECIFIED_SOURCE ( 'ANY', '', #447, .NOT_KNOWN. ) ;
#930 = VECTOR ( 'NONE', #2498, 999.9999999999998863 ) ;
#931 = CARTESIAN_POINT ( 'NONE',  ( 40.00000000000000000, 2.000000000000000000, -1.750000000000005329 ) ) ;
#932 = DIRECTION ( 'NONE',  ( 0.000000000000000000, 0.000000000000000000, 1.000000000000000000 ) ) ;
#933 = CARTESIAN_POINT ( 'NONE',  ( -40.00000000000000000, 2.000000000000000000, -3.469446951953614189E-15 ) ) ;
#934 = CONICAL_SURFACE ( 'NONE', #324, 3.999999999999999112, 0.06981317007977322353 ) ;
#935 = DIRECTION ( 'NONE',  ( -1.715124499442882891E-15, 1.000000000000000000, 0.000000000000000000 ) ) ;
#936 = CARTESIAN_POINT ( 'NONE',  ( 0.000000000000000000, -9.534878236872062374, 3.333256362625975466 ) ) ;
#937 = ORIENTED_EDGE ( 'NONE', *, *, #314, .F. ) ;
#938 = ADVANCED_FACE ( 'NONE', ( #3168 ), #1915, .F. ) ;
#939 = PLANE ( 'NONE',  #1403 ) ;
#940 = ORIENTED_EDGE ( 'NONE', *, *, #2470, .T. ) ;
#941 = EDGE_LOOP ( 'NONE', ( #824, #3070, #1873, #1655 ) ) ;
#942 = EDGE_CURVE ( 'NONE', #2374, #428, #1808, .T. ) ;
#943 = AXIS2_PLACEMENT_3D ( 'NONE', #2490, #1296, #3064 ) ;
#944 = FACE_OUTER_BOUND ( 'NONE', #1493, .T. ) ;
#945 = DIRECTION ( 'NONE',  ( 1.000000000000000000, 0.000000000000000000, 0.000000000000000000 ) ) ;
#946 = CONICAL_SURFACE ( 'NONE', #1997, 2.750000000000000000, 1.047197551196595633 ) ;
#947 = VERTEX_POINT ( 'NONE', #936 ) ;
#948 = AXIS2_PLACEMENT_3D ( 'NONE', #2596, #343, #1535 ) ;
#949 = CARTESIAN_POINT ( 'NONE',  ( 1.299999999999999156, 0.000000000000000000, 0.000000000000000000 ) ) ;
#950 = CARTESIAN_POINT ( 'NONE',  ( 1.375000000000001998, 2.381569860407204864, 0.000000000000000000 ) ) ;
#951 = CARTESIAN_POINT ( 'NONE',  ( 1.375000000000000000, -2.381569860407206196, -1.800000000000000044 ) ) ;
#952 = APPLICATION_PROTOCOL_DEFINITION ( 'draft international standard', 'automotive_design', 1998, #1595 ) ;
#953 = DIRECTION ( 'NONE',  ( -0.000000000000000000, -0.000000000000000000, 1.000000000000000000 ) ) ;
#954 = VERTEX_POINT ( 'NONE', #158 ) ;
#955 = DIRECTION ( 'NONE',  ( 0.000000000000000000, 1.000000000000000000, 0.000000000000000000 ) ) ;
#956 = CARTESIAN_POINT ( 'NONE',  ( 0.000000000000000000, -10.00000000000000000, 0.000000000000000000 ) ) ;
#957 = ORIENTED_EDGE ( 'NONE', *, *, #2163, .F. ) ;
#958 = ORIENTED_EDGE ( 'NONE', *, *, #3040, .T. ) ;
#959 = DIRECTION ( 'NONE',  ( 0.000000000000000000, 1.000000000000000000, 0.000000000000000000 ) ) ;
#960 = LINE ( 'NONE', #1183, #2099 ) ;
#961 = EDGE_CURVE ( 'NONE', #3035, #498, #2941, .T. ) ;
#962 = ORIENTED_EDGE ( 'NONE', *, *, #1767, .F. ) ;
#963 = CARTESIAN_POINT ( 'NONE',  ( 33.00000000000000000, 1.493456771560197319E-16, -1.219500000000000028 ) ) ;
#964 = DIRECTION ( 'NONE',  ( 0.000000000000000000, 0.000000000000000000, -1.000000000000000000 ) ) ;
#965 = EDGE_CURVE ( 'NONE', #3175, #1909, #395, .T. ) ;
#966 = CARTESIAN_POINT ( 'NONE',  ( 2.749999999999999112, -1.587713240271473758, -0.2456200930618641920 ) ) ;
#967 = LINE ( 'NONE', #2023, #1520 ) ;
#968 = ORIENTED_EDGE ( 'NONE', *, *, #171, .F. ) ;
#969 = CARTESIAN_POINT ( 'NONE',  ( 3.469446951953614189E-15, 2.000000000000000000, 40.00000000000000000 ) ) ;
#970 = DIRECTION ( 'NONE',  ( 0.000000000000000000, -0.000000000000000000, 1.000000000000000000 ) ) ;
#971 = ORIENTED_EDGE ( 'NONE', *, *, #3040, .F. ) ;
#972 = DIRECTION ( 'NONE',  ( 0.000000000000000000, 0.000000000000000000, 1.000000000000000000 ) ) ;
#973 = ORIENTED_EDGE ( 'NONE', *, *, #1073, .T. ) ;
#974 = DIRECTION ( 'NONE',  ( 0.000000000000000000, 0.000000000000000000, -1.000000000000000000 ) ) ;
#975 = ORIENTED_EDGE ( 'NONE', *, *, #2515, .T. ) ;
#976 = EDGE_CURVE ( 'NONE', #2794, #2965, #2418, .T. ) ;
#977 = CARTESIAN_POINT ( 'NONE',  ( 1.300000000000000044, -1.478016689125444261, 1.409462824231155764E-15 ) ) ;
#978 = LINE ( 'NONE', #1765, #19 ) ;
#979 = VECTOR ( 'NONE', #119, 1000.000000000000000 ) ;
#980 = EDGE_CURVE ( 'NONE', #218, #914, #571, .T. ) ;
#981 = CARTESIAN_POINT ( 'NONE',  ( -1.375000000000001776, -2.381569860407205308, -1.800000000000000044 ) ) ;
#982 = APPLICATION_PROTOCOL_DEFINITION ( 'draft international standard', 'automotive_design', 1998, #2678 ) ;
#983 = DIRECTION ( 'NONE',  ( -0.000000000000000000, -1.000000000000000000, -0.000000000000000000 ) ) ;
#984 = CIRCLE ( 'NONE', #1189, 1.250000000000000000 ) ;
#985 = VERTEX_POINT ( 'NONE', #3181 ) ;
#986 = CIRCLE ( 'NONE', #2191, 1.500000000000000000 ) ;
#987 = AXIS2_PLACEMENT_3D ( 'NONE', #2966, #2231, #1005 ) ;
#988 = CARTESIAN_POINT ( 'NONE',  ( 2.750000000000000000, 0.000000000000000000, -1.800000000000000044 ) ) ;
#989 = FACE_OUTER_BOUND ( 'NONE', #990, .T. ) ;
#990 = EDGE_LOOP ( 'NONE', ( #2178, #2933, #265, #1936 ) ) ;
#991 = AXIS2_PLACEMENT_3D ( 'NONE', #2255, #3049, #2524 ) ;
#992 = CYLINDRICAL_SURFACE ( 'NONE', #2987, 44.99999999999999289 ) ;
#993 = VERTEX_POINT ( 'NONE', #1934 ) ;
#994 = CYLINDRICAL_SURFACE ( 'NONE', #2842, 44.99999999999999289 ) ;
#995 = ORIENTED_EDGE ( 'NONE', *, *, #2223, .F. ) ;
#996 = AXIS2_PLACEMENT_3D ( 'NONE', #815, #1821, #2116 ) ;
#997 = CARTESIAN_POINT ( 'NONE',  ( 0.000000000000000000, 0.000000000000000000, -1.599548115447571472 ) ) ;
#998 = AXIS2_PLACEMENT_3D ( 'NONE', #139, #1646, #1370 ) ;
#999 = CARTESIAN_POINT ( 'NONE',  ( 1.300000000000000044, 1.478016689125441596, -2.059984127722458425E-15 ) ) ;
#1000 = EDGE_CURVE ( 'NONE', #1149, #194, #2733, .T. ) ;
#1001 = DIRECTION ( 'NONE',  ( 0.000000000000000000, -1.000000000000000000, 1.613814510362182277E-15 ) ) ;
#1002 = CARTESIAN_POINT ( 'NONE',  ( 0.000000000000000000, 0.000000000000000000, -1.800000000000000044 ) ) ;
#1003 = VECTOR ( 'NONE', #724, 1000.000000000000000 ) ;
#1004 = ADVANCED_FACE ( 'NONE', ( #2697 ), #177, .T. ) ;
#1005 = DIRECTION ( 'NONE',  ( 0.000000000000000000, 0.000000000000000000, 1.000000000000000000 ) ) ;
#1006 = VERTEX_POINT ( 'NONE', #2399 ) ;
#1007 = CARTESIAN_POINT ( 'NONE',  ( 2.143131898507866818E-16, 0.000000000000000000, -41.75000000000000000 ) ) ;
#1008 = EDGE_LOOP ( 'NONE', ( #710, #1689, #3076, #926, #611 ) ) ;
#1009 = PLANE ( 'NONE',  #598 ) ;
#1010 = EDGE_LOOP ( 'NONE', ( #550, #32, #2526, #3212 ) ) ;
#1011 = CARTESIAN_POINT ( 'NONE',  ( -1.375000000000001776, -2.381569860407205308, -1.800000000000000044 ) ) ;
#1012 =( REPRESENTATION_RELATIONSHIP ('NONE','NONE', #1394, #2306 ) REPRESENTATION_RELATIONSHIP_WITH_TRANSFORMATION ( #2844 )SHAPE_REPRESENTATION_RELATIONSHIP( ) );
#1013 = FACE_OUTER_BOUND ( 'NONE', #445, .T. ) ;
#1014 = CARTESIAN_POINT ( 'NONE',  ( 0.000000000000000000, 0.000000000000000000, -40.00000000000000000 ) ) ;
#1015 = APPLICATION_PROTOCOL_DEFINITION ( 'draft international standard', 'automotive_design', 1998, #2743 ) ;
#1016 = VERTEX_POINT ( 'NONE', #2448 ) ;
#1017 = DIRECTION ( 'NONE',  ( 0.000000000000000000, 0.000000000000000000, 1.000000000000000000 ) ) ;
#1018 = EDGE_CURVE ( 'NONE', #1725, #1484, #205, .T. ) ;
#1019 = CARTESIAN_POINT ( 'NONE',  ( 2.749999999999999112, -0.5348566131067987728, -1.776938258631346912 ) ) ;
#1020 = DIRECTION ( 'NONE',  ( 0.000000000000000000, 0.000000000000000000, 1.000000000000000000 ) ) ;
#1021 = EDGE_LOOP ( 'NONE', ( #897, #2434, #1085, #2657, #2210, #2867 ) ) ;
#1022 = ADVANCED_FACE ( 'NONE', ( #1905 ), #2913, .T. ) ;
#1023 = LINE ( 'NONE', #2545, #2934 ) ;
#1024 = VERTEX_POINT ( 'NONE', #1212 ) ;
#1025 = CARTESIAN_POINT ( 'NONE',  ( 4.898587196589411843E-16, 0.000000000000000000, -3.999999999999999112 ) ) ;
#1026 = ORIENTED_EDGE ( 'NONE', *, *, #755, .T. ) ;
#1027 =( NAMED_UNIT ( * ) SI_UNIT ( $, .STERADIAN. ) SOLID_ANGLE_UNIT ( ) );
#1028 = PLANE ( 'NONE',  #2419 ) ;
#1029 = LINE ( 'NONE', #357, #3084 ) ;
#1030 = ITEM_DEFINED_TRANSFORMATION ( 'NONE', 'NONE', #1444,  #2670 ) ;
#1031 = ORIENTED_EDGE ( 'NONE', *, *, #236, .T. ) ;
#1032 = FACE_OUTER_BOUND ( 'NONE', #2263, .T. ) ;
#1033 = AXIS2_PLACEMENT_3D ( 'NONE', #2977, #226, #1435 ) ;
#1034 =( REPRESENTATION_RELATIONSHIP ('NONE','NONE', #1394, #2069 ) REPRESENTATION_RELATIONSHIP_WITH_TRANSFORMATION ( #108 )SHAPE_REPRESENTATION_RELATIONSHIP( ) );
#1035 = PRODUCT_CONTEXT ( 'NONE', #301, 'mechanical' ) ;
#1036 = VECTOR ( 'NONE', #2247, 1000.000000000000000 ) ;
#1037 = VERTEX_POINT ( 'NONE', #2215 ) ;
#1038 = ADVANCED_FACE ( 'NONE', ( #1032 ), #1263, .T. ) ;
#1039 = CIRCLE ( 'NONE', #880, 1.749999999999994671 ) ;
#1040 = FACE_OUTER_BOUND ( 'NONE', #568, .T. ) ;
#1041 = EDGE_LOOP ( 'NONE', ( #1195, #1167, #1778, #2496, #163 ) ) ;
#1042 = TOROIDAL_SURFACE ( 'NONE', #2726, 2.599999999999999201, 0.1499999999999999944 ) ;
#1043 = CARTESIAN_POINT ( 'NONE',  ( 0.000000000000000000, 2.000000000000000000, -44.99999999999999289 ) ) ;
#1044 = EDGE_CURVE ( 'NONE', #1761, #1428, #2008, .T. ) ;
#1045 = CARTESIAN_POINT ( 'NONE',  ( 10.49999999999999822, 0.000000000000000000, 5.999999999999996447 ) ) ;
#1046 = PRESENTATION_STYLE_ASSIGNMENT (( #1811 ) ) ;
#1047 = CIRCLE ( 'NONE', #1462, 3.333256362625975466 ) ;
#1048 = CARTESIAN_POINT ( 'NONE',  ( -2.300137710042382544, 1.847441354476762942, -0.09566599640799486326 ) ) ;
#1049 = CONTEXT_DEPENDENT_SHAPE_REPRESENTATION ( #1766, #1113 ) ;
#1050 = EDGE_LOOP ( 'NONE', ( #2556, #1639, #718 ) ) ;
#1051 = CARTESIAN_POINT ( 'NONE',  ( 0.000000000000000000, 20.00000000000000000, 0.000000000000000000 ) ) ;
#1052 = AXIS2_PLACEMENT_3D ( 'NONE', #109, #616, #858 ) ;
#1053 = CARTESIAN_POINT ( 'NONE',  ( 4.286263797015731665E-16, 20.00000000000000000, 3.499999999999996003 ) ) ;
#1054 = ORIENTED_EDGE ( 'NONE', *, *, #451, .F. ) ;
#1055 = CIRCLE ( 'NONE', #3056, 1.500000000000000888 ) ;
#1056 = CARTESIAN_POINT ( 'NONE',  ( 0.000000000000000000, 0.000000000000000000, -44.99999999999999289 ) ) ;
#1057 = VERTEX_POINT ( 'NONE', #1506 ) ;
#1058 = DIRECTION ( 'NONE',  ( 0.000000000000000000, 0.000000000000000000, -1.000000000000000000 ) ) ;
#1059 = EDGE_CURVE ( 'NONE', #2385, #3097, #2521, .T. ) ;
#1060 = PLANE ( 'NONE',  #2583 ) ;
#1061 = CARTESIAN_POINT ( 'NONE',  ( 40.00000000000000000, 0.000000000000000000, -1.734723475976807094E-15 ) ) ;
#1062 = ITEM_DEFINED_TRANSFORMATION ( 'NONE', 'NONE', #531,  #2670 ) ;
#1063 = ORIENTED_EDGE ( 'NONE', *, *, #2059, .T. ) ;
#1064 = DIRECTION ( 'NONE',  ( 1.000000000000000000, 0.000000000000000000, 0.000000000000000000 ) ) ;
#1065 =( NAMED_UNIT ( * ) SI_UNIT ( $, .STERADIAN. ) SOLID_ANGLE_UNIT ( ) );
#1066 = DIRECTION ( 'NONE',  ( 0.000000000000000000, 0.000000000000000000, -1.000000000000000000 ) ) ;
#1067 = VERTEX_POINT ( 'NONE', #1456 ) ;
#1068 = DIRECTION ( 'NONE',  ( -1.000000000000000000, -0.000000000000000000, -0.000000000000000000 ) ) ;
#1069 = VERTEX_POINT ( 'NONE', #228 ) ;
#1070 = DIRECTION ( 'NONE',  ( -0.8191520442889893561, 1.003171929053521665E-16, 0.5735764363510496011 ) ) ;
#1071 = LINE ( 'NONE', #1045, #3085 ) ;
#1072 = CARTESIAN_POINT ( 'NONE',  ( -10.50000000000000178, 0.000000000000000000, 5.999999999999996447 ) ) ;
#1073 = EDGE_CURVE ( 'NONE', #3035, #2357, #3218, .T. ) ;
#1074 = DIRECTION ( 'NONE',  ( -1.000000000000000000, -0.000000000000000000, -0.000000000000000000 ) ) ;
#1075 = CONTEXT_DEPENDENT_SHAPE_REPRESENTATION ( #1490, #1634 ) ;
#1076 = EDGE_LOOP ( 'NONE', ( #2337, #723, #3047, #3031 ) ) ;
#1077 = CARTESIAN_POINT ( 'NONE',  ( -0.4498622899576222300, -2.915698366337649894, -0.09566599640799526572 ) ) ;
#1078 = ADVANCED_FACE ( 'NONE', ( #246 ), #946, .T. ) ;
#1079 = DIRECTION ( 'NONE',  ( -0.000000000000000000, -1.000000000000000000, -0.000000000000000000 ) ) ;
#1080 = AXIS2_PLACEMENT_3D ( 'NONE', #520, #731, #1696 ) ;
#1081 = ORIENTED_EDGE ( 'NONE', *, *, #2386, .T. ) ;
#1082 = PRODUCT_DEFINITION_FORMATION_WITH_SPECIFIED_SOURCE ( 'ANY', '', #2188, .NOT_KNOWN. ) ;
#1083 = AXIS2_PLACEMENT_3D ( 'NONE', #2171, #3176, #713 ) ;
#1084 = DIRECTION ( 'NONE',  ( 0.000000000000000000, 0.000000000000000000, 1.000000000000000000 ) ) ;
#1085 = ORIENTED_EDGE ( 'NONE', *, *, #2199, .T. ) ;
#1086 = CLOSED_SHELL ( 'NONE', ( #1518, #52, #2816, #276, #770, #280, #1720, #2675, #1948, #1692, #2181, #1523, #470, #1651, #2160, #593 ) ) ;
#1087 = AXIS2_PLACEMENT_3D ( 'NONE', #865, #3103, #2409 ) ;
#1088 = VERTEX_POINT ( 'NONE', #3013 ) ;
#1089 = AXIS2_PLACEMENT_3D ( 'NONE', #180, #414, #1439 ) ;
#1090 = CARTESIAN_POINT ( 'NONE',  ( 0.000000000000000000, 0.000000000000000000, 0.000000000000000000 ) ) ;
#1091 = DIRECTION ( 'NONE',  ( 0.000000000000000000, 1.000000000000000000, 0.000000000000000000 ) ) ;
#1092 = DIRECTION ( 'NONE',  ( -0.000000000000000000, 1.000000000000000000, -0.000000000000000000 ) ) ;
#1093 = ITEM_DEFINED_TRANSFORMATION ( 'NONE', 'NONE', #2234,  #2670 ) ;
#1094 = CARTESIAN_POINT ( 'NONE',  ( 3.683760141804401487E-15, 2.000000000000000000, 38.25000000000000711 ) ) ;
#1095 = EDGE_CURVE ( 'NONE', #1446, #5, #967, .T. ) ;
#1096 =( REPRESENTATION_RELATIONSHIP ('NONE','NONE', #1394, #2964 ) REPRESENTATION_RELATIONSHIP_WITH_TRANSFORMATION ( #587 )SHAPE_REPRESENTATION_RELATIONSHIP( ) );
#1097 = AXIS2_PLACEMENT_3D ( 'NONE', #1839, #2848, #1587 ) ;
#1098 = FACE_OUTER_BOUND ( 'NONE', #2986, .T. ) ;
#1099 = EDGE_CURVE ( 'NONE', #2257, #1006, #2717, .T. ) ;
#1100 = CIRCLE ( 'NONE', #1943, 1.500000000000000444 ) ;
#1101 = ORIENTED_EDGE ( 'NONE', *, *, #1461, .F. ) ;
#1102 = VECTOR ( 'NONE', #91, 1000.000000000000000 ) ;
#1103 = CARTESIAN_POINT ( 'NONE',  ( 1.300000000000000044, 0.7390083445627172454, -1.280000000000001137 ) ) ;
#1104 = ORIENTED_EDGE ( 'NONE', *, *, #965, .F. ) ;
#1105 = CIRCLE ( 'NONE', #1676, 2.000000000000000000 ) ;
#1106 = ORIENTED_EDGE ( 'NONE', *, *, #393, .F. ) ;
#1107 = DIRECTION ( 'NONE',  ( 0.000000000000000000, 0.000000000000000000, -1.000000000000000000 ) ) ;
#1108 = PLANE ( 'NONE',  #1522 ) ;
#1109 = CARTESIAN_POINT ( 'NONE',  ( 3.469446951953614189E-15, 0.000000000000000000, 40.00000000000000000 ) ) ;
#1110 = CARTESIAN_POINT ( 'NONE',  ( -10.50000000000000178, 0.000000000000000000, 5.999999999999996447 ) ) ;
#1111 = CONTEXT_DEPENDENT_SHAPE_REPRESENTATION ( #2889, #911 ) ;
#1112 = LINE ( 'NONE', #1353, #645 ) ;
#1113 = PRODUCT_DEFINITION_SHAPE ( 'NONE', 'NONE',  #3227 ) ;
#1114 = DIRECTION ( 'NONE',  ( -0.000000000000000000, 1.000000000000000000, -0.000000000000000000 ) ) ;
#1115 = CARTESIAN_POINT ( 'NONE',  ( 40.00000000000000000, 0.000000000000000000, -1.734723475976807094E-15 ) ) ;
#1116 = ORIENTED_EDGE ( 'NONE', *, *, #236, .F. ) ;
#1117 = ADVANCED_FACE ( 'NONE', ( #2979 ), #1526, .T. ) ;
#1118 = FACE_OUTER_BOUND ( 'NONE', #941, .T. ) ;
#1119 = VERTEX_POINT ( 'NONE', #2270 ) ;
#1120 = ORIENTED_EDGE ( 'NONE', *, *, #496, .F. ) ;
#1121 = EDGE_CURVE ( 'NONE', #1672, #159, #179, .T. ) ;
#1122 = DIRECTION ( 'NONE',  ( 0.000000000000000000, 0.000000000000000000, 1.000000000000000000 ) ) ;
#1123 = FACE_OUTER_BOUND ( 'NONE', #2157, .T. ) ;
#1124 = DIRECTION ( 'NONE',  ( 1.000000000000000000, 0.000000000000000000, 0.000000000000000000 ) ) ;
#1125 = CARTESIAN_POINT ( 'NONE',  ( -40.00000000000000000, 0.000000000000000000, -3.469446951953614189E-15 ) ) ;
#1126 = CARTESIAN_POINT ( 'NONE',  ( 0.1499999999999973577, 3.184081677783117205E-16, -2.599999999999999201 ) ) ;
#1127 = CARTESIAN_POINT ( 'NONE',  ( 3.000000000000006217, 0.000000000000000000, 0.000000000000000000 ) ) ;
#1128 = DIRECTION ( 'NONE',  ( 1.000000000000000000, 1.715124499442882891E-15, -1.715124499442882891E-15 ) ) ;
#1129 = CARTESIAN_POINT ( 'NONE',  ( -2.750000000000000000, -1.329484544808466895, -0.1710758896428264675 ) ) ;
#1130 = EDGE_LOOP ( 'NONE', ( #940, #3006 ) ) ;
#1131 = DIRECTION ( 'NONE',  ( -0.000000000000000000, 1.000000000000000000, -0.000000000000000000 ) ) ;
#1132 = EDGE_LOOP ( 'NONE', ( #40, #146 ) ) ;
#1133 = EDGE_CURVE ( 'NONE', #1024, #2674, #3048, .T. ) ;
#1134 = ORIENTED_EDGE ( 'NONE', *, *, #846, .T. ) ;
#1135 = CARTESIAN_POINT ( 'NONE',  ( 1.300000000000000044, 1.108512516844081253, 0.6399999999999989031 ) ) ;
#1136 = AXIS2_PLACEMENT_3D ( 'NONE', #542, #344, #1524 ) ;
#1137 = DIRECTION ( 'NONE',  ( 0.000000000000000000, 0.000000000000000000, 1.000000000000000000 ) ) ;
#1138 = AXIS2_PLACEMENT_3D ( 'NONE', #2514, #342, #1272 ) ;
#1139 =( NAMED_UNIT ( * ) PLANE_ANGLE_UNIT ( ) SI_UNIT ( $, .RADIAN. ) );
#1140 = EDGE_CURVE ( 'NONE', #428, #745, #1229, .T. ) ;
#1141 = PRODUCT_DEFINITION_SHAPE ( 'NONE', 'NONE',  #3231 ) ;
#1142 = AXIS2_PLACEMENT_3D ( 'NONE', #1386, #2696, #2151 ) ;
#1143 = CARTESIAN_POINT ( 'NONE',  ( 0.000000000000000000, -9.534878236872062374, 0.000000000000000000 ) ) ;
#1144 =( GEOMETRIC_REPRESENTATION_CONTEXT ( 3 ) GLOBAL_UNCERTAINTY_ASSIGNED_CONTEXT ( ( #833 ) ) GLOBAL_UNIT_ASSIGNED_CONTEXT ( ( #1426, #494, #2025 ) ) REPRESENTATION_CONTEXT ( 'NONE', 'WORKASPACE' ) );
#1145 = DIRECTION ( 'NONE',  ( 0.000000000000000000, 1.000000000000000000, 0.000000000000000000 ) ) ;
#1146 = CARTESIAN_POINT ( 'NONE',  ( -31.74999999999995737, 0.000000000000000000, 0.000000000000000000 ) ) ;
#1147 = EDGE_LOOP ( 'NONE', ( #361, #2862 ) ) ;
#1148 = EDGE_LOOP ( 'NONE', ( #273, #2068, #500, #707 ) ) ;
#1149 = VERTEX_POINT ( 'NONE', #2750 ) ;
#1150 = VECTOR ( 'NONE', #1586, 1000.000000000000000 ) ;
#1151 = EDGE_LOOP ( 'NONE', ( #2590, #1992, #1302, #1392 ) ) ;
#1152 = AXIS2_PLACEMENT_3D ( 'NONE', #1848, #602, #2582 ) ;
#1153 = DIRECTION ( 'NONE',  ( 0.000000000000000000, 0.000000000000000000, 1.000000000000000000 ) ) ;
#1154 = ADVANCED_FACE ( 'NONE', ( #507 ), #2471, .F. ) ;
#1155 = ADVANCED_FACE ( 'NONE', ( #2501 ), #1753, .F. ) ;
#1156 = DIRECTION ( 'NONE',  ( 0.000000000000000000, -0.000000000000000000, 1.000000000000000000 ) ) ;
#1157 = CONTEXT_DEPENDENT_SHAPE_REPRESENTATION ( #2211, #1685 ) ;
#1158 = CARTESIAN_POINT ( 'NONE',  ( 2.750000000000000000, 0.000000000000000000, 0.000000000000000000 ) ) ;
#1159 = ADVANCED_FACE ( 'NONE', ( #95 ), #2078, .F. ) ;
#1160 = FACE_OUTER_BOUND ( 'NONE', #1010, .T. ) ;
#1161 = DIRECTION ( 'NONE',  ( -0.5378886388459269696, 0.8430159026972597891, 8.670348312253738604E-16 ) ) ;
#1162 = CARTESIAN_POINT ( 'NONE',  ( -31.74999999999995737, 0.000000000000000000, 1.500000000000000888 ) ) ;
#1163 = ORIENTED_EDGE ( 'NONE', *, *, #215, .F. ) ;
#1164 = PRESENTATION_STYLE_ASSIGNMENT (( #1654 ) ) ;
#1165 = ORIENTED_EDGE ( 'NONE', *, *, #533, .T. ) ;
#1166 = VERTEX_POINT ( 'NONE', #1291 ) ;
#1167 = ORIENTED_EDGE ( 'NONE', *, *, #976, .F. ) ;
#1168 = FACE_OUTER_BOUND ( 'NONE', #166, .T. ) ;
#1169 = ADVANCED_BREP_SHAPE_REPRESENTATION ( '', ( #2847, #2670 ), #3 ) ;
#1170 = FACE_OUTER_BOUND ( 'NONE', #3145, .T. ) ;
#1171 = LINE ( 'NONE', #2414, #2580 ) ;
#1172 = EDGE_CURVE ( 'NONE', #745, #1262, #1332, .T. ) ;
#1173 = DIRECTION ( 'NONE',  ( 0.000000000000000000, 0.000000000000000000, 1.000000000000000000 ) ) ;
#1174 = CARTESIAN_POINT ( 'NONE',  ( 0.000000000000000000, 0.000000000000000000, 0.000000000000000000 ) ) ;
#1175 = CARTESIAN_POINT ( 'NONE',  ( -2.750000000000000000, 0.000000000000000000, 0.000000000000000000 ) ) ;
#1176 = ADVANCED_FACE ( 'NONE', ( #3092 ), #2258, .T. ) ;
#1177 = ORIENTED_EDGE ( 'NONE', *, *, #3209, .T. ) ;
#1178 = DIRECTION ( 'NONE',  ( -1.000000000000000000, -0.000000000000000000, -0.000000000000000000 ) ) ;
#1179 = ORIENTED_EDGE ( 'NONE', *, *, #90, .F. ) ;
#1180 = VERTEX_POINT ( 'NONE', #2113 ) ;
#1181 = FACE_OUTER_BOUND ( 'NONE', #725, .T. ) ;
#1182 = ORIENTED_EDGE ( 'NONE', *, *, #1582, .F. ) ;
#1183 = CARTESIAN_POINT ( 'NONE',  ( 2.143131898507868544E-16, 0.000000000000000000, -41.75000000000000000 ) ) ;
#1184 = AXIS2_PLACEMENT_3D ( 'NONE', #752, #1717, #1487 ) ;
#1185 = ORIENTED_EDGE ( 'NONE', *, *, #2677, .T. ) ;
#1186 = AXIS2_PLACEMENT_3D ( 'NONE', #200, #2746, #1420 ) ;
#1187 = DIRECTION ( 'NONE',  ( -0.000000000000000000, 0.000000000000000000, 1.000000000000000000 ) ) ;
#1188 = DIRECTION ( 'NONE',  ( 0.000000000000000000, 1.000000000000000000, -1.613814510362182277E-15 ) ) ;
#1189 = AXIS2_PLACEMENT_3D ( 'NONE', #2045, #1058, #868 ) ;
#1190 = CIRCLE ( 'NONE', #631, 2.750000000000000000 ) ;
#1191 = DIRECTION ( 'NONE',  ( 0.000000000000000000, 1.000000000000000000, 0.000000000000000000 ) ) ;
#1192 = VECTOR ( 'NONE', #351, 1000.000000000000000 ) ;
#1193 = CARTESIAN_POINT ( 'NONE',  ( 6.867680432710998287E-14, -40.00000000000000000, 2.000000000000001776 ) ) ;
#1194 = CARTESIAN_POINT ( 'NONE',  ( 0.000000000000000000, 2.000000000000000000, 0.000000000000000000 ) ) ;
#1195 = ORIENTED_EDGE ( 'NONE', *, *, #1333, .T. ) ;
#1196 = ADVANCED_FACE ( 'NONE', ( #2858 ), #1323, .F. ) ;
#1197 = SURFACE_STYLE_USAGE ( .BOTH. , #1216 ) ;
#1198 = ORIENTED_EDGE ( 'NONE', *, *, #2515, .F. ) ;
#1199 = ORIENTED_EDGE ( 'NONE', *, *, #1822, .T. ) ;
#1200 =( REPRESENTATION_RELATIONSHIP ('NONE','NONE', #1394, #411 ) REPRESENTATION_RELATIONSHIP_WITH_TRANSFORMATION ( #3075 )SHAPE_REPRESENTATION_RELATIONSHIP( ) );
#1201 = AXIS2_PLACEMENT_3D ( 'NONE', #2067, #3109, #2351 ) ;
#1202 = DIRECTION ( 'NONE',  ( -0.000000000000000000, 1.000000000000000000, -0.000000000000000000 ) ) ;
#1203 = DIRECTION ( 'NONE',  ( -0.000000000000000000, -1.000000000000000000, -0.000000000000000000 ) ) ;
#1204 = AXIS2_PLACEMENT_3D ( 'NONE', #1834, #2346, #2567 ) ;
#1205 = ORIENTED_EDGE ( 'NONE', *, *, #2854, .T. ) ;
#1206 = VECTOR ( 'NONE', #1226, 1000.000000000000000 ) ;
#1207 = DIRECTION ( 'NONE',  ( -1.000000000000000000, 0.000000000000000000, -0.000000000000000000 ) ) ;
#1208 = DIRECTION ( 'NONE',  ( 0.000000000000000000, 0.000000000000000000, -1.000000000000000000 ) ) ;
#1209 = TOROIDAL_SURFACE ( 'NONE', #2687, 1.600000000000000977, 0.1000000000000000056 ) ;
#1210 = DIRECTION ( 'NONE',  ( -0.000000000000000000, -1.000000000000000000, -0.000000000000000000 ) ) ;
#1211 = SHAPE_DEFINITION_REPRESENTATION ( #682, #2964 ) ;
#1212 = CARTESIAN_POINT ( 'NONE',  ( 3.000000000000002665, 3.367778697655220026E-16, -2.749999999999999112 ) ) ;
#1213 = EDGE_LOOP ( 'NONE', ( #1054, #2285, #183, #720 ) ) ;
#1214 = ADVANCED_BREP_SHAPE_REPRESENTATION ( '', ( #1751, #2670 ), #1716 ) ;
#1215 = CARTESIAN_POINT ( 'NONE',  ( 2.750000000000000000, -0.2682974265912528855, -1.800000000000000266 ) ) ;
#1216 = SURFACE_SIDE_STYLE ('',( #1956 ) ) ;
#1217 = EDGE_LOOP ( 'NONE', ( #2065, #644, #1921, #3002 ) ) ;
#1218 = EDGE_CURVE ( 'NONE', #1761, #1069, #1621, .T. ) ;
#1219 = DIRECTION ( 'NONE',  ( 0.000000000000000000, 0.000000000000000000, 1.000000000000000000 ) ) ;
#1220 = VERTEX_POINT ( 'NONE', #1094 ) ;
#1221 = DIRECTION ( 'NONE',  ( -0.000000000000000000, 1.000000000000000000, -0.000000000000000000 ) ) ;
#1222 = UNCERTAINTY_MEASURE_WITH_UNIT (LENGTH_MEASURE( 1.000000000000000082E-05 ), #348, 'distance_accuracy_value', 'NONE');
#1223 = ORIENTED_EDGE ( 'NONE', *, *, #1822, .F. ) ;
#1224 = EDGE_CURVE ( 'NONE', #3114, #1686, #2317, .T. ) ;
#1225 = SURFACE_STYLE_USAGE ( .BOTH. , #2482 ) ;
#1226 = DIRECTION ( 'NONE',  ( 0.000000000000000000, 0.000000000000000000, -1.000000000000000000 ) ) ;
#1227 = DIRECTION ( 'NONE',  ( -0.000000000000000000, 1.613814510362182277E-15, 1.000000000000000000 ) ) ;
#1228 = CARTESIAN_POINT ( 'NONE',  ( 40.00000000000004263, 7.211571334839725860E-14, 25.79999999999993676 ) ) ;
#1229 = LINE ( 'NONE', #1991, #1257 ) ;
#1230 = ORIENTED_EDGE ( 'NONE', *, *, #2430, .F. ) ;
#1231 = CARTESIAN_POINT ( 'NONE',  ( -2.750000000000000000, 1.587713240271473092, -1.554379906938135658 ) ) ;
#1232 = ORIENTED_EDGE ( 'NONE', *, *, #709, .F. ) ;
#1233 = DIRECTION ( 'NONE',  ( 0.000000000000000000, 0.000000000000000000, 1.000000000000000000 ) ) ;
#1234 = ADVANCED_FACE ( 'NONE', ( #3077 ), #83, .F. ) ;
#1235 = ORIENTED_EDGE ( 'NONE', *, *, #1278, .F. ) ;
#1236 = LINE ( 'NONE', #2742, #1003 ) ;
#1237 = EDGE_LOOP ( 'NONE', ( #1855, #247, #622, #455, #1674, #995 ) ) ;
#1238 = LINE ( 'NONE', #2427, #3183 ) ;
#1239 = EDGE_CURVE ( 'NONE', #161, #2674, #2153, .T. ) ;
#1240 = VECTOR ( 'NONE', #2610, 1000.000000000000000 ) ;
#1241 = FACE_BOUND ( 'NONE', #1441, .T. ) ;
#1242 = LINE ( 'NONE', #2006, #2451 ) ;
#1243 = DIRECTION ( 'NONE',  ( -1.826146801905398939E-15, 1.000000000000000222, 1.904170709380185057E-31 ) ) ;
#1244 = CARTESIAN_POINT ( 'NONE',  ( 3.100000000000005418, 0.000000000000000000, 0.000000000000000000 ) ) ;
#1245 = AXIS2_PLACEMENT_3D ( 'NONE', #1369, #651, #2970 ) ;
#1246 = VECTOR ( 'NONE', #527, 1000.000000000000114 ) ;
#1247 = ORIENTED_EDGE ( 'NONE', *, *, #2936, .F. ) ;
#1248 = CIRCLE ( 'NONE', #3045, 1.500000000000000000 ) ;
#1249 = PLANE ( 'NONE',  #1566 ) ;
#1250 = ORIENTED_EDGE ( 'NONE', *, *, #3058, .T. ) ;
#1251 = DIRECTION ( 'NONE',  ( 0.000000000000000000, 1.000000000000000000, 0.000000000000000000 ) ) ;
#1252 = ORIENTED_EDGE ( 'NONE', *, *, #1797, .F. ) ;
#1253 = DIRECTION ( 'NONE',  ( 0.000000000000000000, 0.000000000000000000, 1.000000000000000000 ) ) ;
#1254 = ORIENTED_EDGE ( 'NONE', *, *, #2177, .F. ) ;
#1255 = VECTOR ( 'NONE', #299, 1000.000000000000000 ) ;
#1256 = CARTESIAN_POINT ( 'NONE',  ( 0.000000000000000000, -3.000000000000000000, 0.000000000000000000 ) ) ;
#1257 = VECTOR ( 'NONE', #754, 1000.000000000000000 ) ;
#1258 = DIRECTION ( 'NONE',  ( 0.000000000000000000, 0.000000000000000000, 1.000000000000000000 ) ) ;
#1259 = EDGE_CURVE ( 'NONE', #2919, #1446, #559, .T. ) ;
#1260 = CARTESIAN_POINT ( 'NONE',  ( 0.000000000000000000, 0.000000000000000000, -1.800000000000000044 ) ) ;
#1261 = SHAPE_DEFINITION_REPRESENTATION ( #2876, #1394 ) ;
#1262 = VERTEX_POINT ( 'NONE', #1788 ) ;
#1263 = CYLINDRICAL_SURFACE ( 'NONE', #1569, 2.749999999999999112 ) ;
#1264 = EDGE_CURVE ( 'NONE', #2983, #2550, #589, .T. ) ;
#1265 = CARTESIAN_POINT ( 'NONE',  ( 40.00000000000000000, 2.000000000000000000, -1.734723475976807094E-15 ) ) ;
#1266 = PRESENTATION_STYLE_ASSIGNMENT (( #315 ) ) ;
#1267 = ORIENTED_EDGE ( 'NONE', *, *, #1740, .F. ) ;
#1268 = CARTESIAN_POINT ( 'NONE',  ( 2.299387885565523870, 1.847874265840321106, -0.1090894304641074342 ) ) ;
#1269 = ORIENTED_EDGE ( 'NONE', *, *, #2914, .F. ) ;
#1270 = CARTESIAN_POINT ( 'NONE',  ( 3.100000000000005418, 0.000000000000000000, 0.000000000000000000 ) ) ;
#1271 = ORIENTED_EDGE ( 'NONE', *, *, #573, .T. ) ;
#1272 = DIRECTION ( 'NONE',  ( -1.000000000000000000, 0.000000000000000000, 0.000000000000000000 ) ) ;
#1273 = CARTESIAN_POINT ( 'NONE',  ( 10.49999999999999822, 0.000000000000000000, 5.999999999999996447 ) ) ;
#1274 = DIRECTION ( 'NONE',  ( 0.000000000000000000, 1.000000000000000000, 0.000000000000000000 ) ) ;
#1275 = CONTEXT_DEPENDENT_SHAPE_REPRESENTATION ( #207, #2134 ) ;
#1276 = ORIENTED_EDGE ( 'NONE', *, *, #1099, .T. ) ;
#1277 = CARTESIAN_POINT ( 'NONE',  ( -0.4506121144344756857, 2.915265454974091508, -0.1090894304641081836 ) ) ;
#1278 = EDGE_CURVE ( 'NONE', #2983, #783, #1112, .T. ) ;
#1279 = CARTESIAN_POINT ( 'NONE',  ( -2.750000000000000444, 0.5405639250603688772, -1.776300309131048749 ) ) ;
#1280 = FACE_OUTER_BOUND ( 'NONE', #1874, .T. ) ;
#1281 = EDGE_CURVE ( 'NONE', #704, #1787, #2322, .T. ) ;
#1282 = ORIENTED_EDGE ( 'NONE', *, *, #1739, .F. ) ;
#1283 = CARTESIAN_POINT ( 'NONE',  ( -1.500000000000000000, 1.836970198721029934E-16, 2.710505431213761085E-17 ) ) ;
#1284 = ORIENTED_EDGE ( 'NONE', *, *, #2638, .F. ) ;
#1285 = CARTESIAN_POINT ( 'NONE',  ( 4.332341089154326031E-16, 3.175426480542943075, -1.800000000000000044 ) ) ;
#1286 = CARTESIAN_POINT ( 'NONE',  ( -2.750000000000000000, -1.587713240271473092, -1.554379906938135658 ) ) ;
#1287 = CARTESIAN_POINT ( 'NONE',  ( 3.469446951953614189E-15, 2.000000000000000000, 40.00000000000000000 ) ) ;
#1288 = B_SPLINE_CURVE_WITH_KNOTS ( 'NONE', 3,
 ( #741, #1510, #48, #1019, #1215, #474 ),
 .UNSPECIFIED., .F., .F.,
 ( 4, 2, 4 ),
 ( 0.002832689070575956751, 0.003635789392948013052, 0.004438889715320069353 ),
 .UNSPECIFIED. ) ;
#1289 = CARTESIAN_POINT ( 'NONE',  ( 0.9064794551410515488, 2.652070323102390770, -1.800000000000001599 ) ) ;
#1290 = EDGE_LOOP ( 'NONE', ( #2691, #2558 ) ) ;
#1291 = CARTESIAN_POINT ( 'NONE',  ( 4.898587196589412829E-16, 19.49999999999999289, 4.000000000000000000 ) ) ;
#1292 = CIRCLE ( 'NONE', #576, 1.500000000000000000 ) ;
#1293 = EDGE_CURVE ( 'NONE', #736, #1512, #485, .T. ) ;
#1294 = B_SPLINE_CURVE_WITH_KNOTS ( 'NONE', 3,
 ( #2961, #768, #2708, #981 ),
 .UNSPECIFIED., .F., .F.,
 ( 4, 4 ),
 ( 2.380742992438171543E-07, 0.001606744326298691853 ),
 .UNSPECIFIED. ) ;
#1295 = CONICAL_SURFACE ( 'NONE', #530, 3.999999999999999112, 0.06981317007977322353 ) ;
#1296 = DIRECTION ( 'NONE',  ( 0.000000000000000000, 1.000000000000000000, 0.000000000000000000 ) ) ;
#1297 = EDGE_LOOP ( 'NONE', ( #1489, #1476 ) ) ;
#1298 = VECTOR ( 'NONE', #1792, 1000.000000000000114 ) ;
#1299 =( GEOMETRIC_REPRESENTATION_CONTEXT ( 3 ) GLOBAL_UNCERTAINTY_ASSIGNED_CONTEXT ( ( #2604 ) ) GLOBAL_UNIT_ASSIGNED_CONTEXT ( ( #1557, #1666, #2683 ) ) REPRESENTATION_CONTEXT ( 'NONE', 'WORKASPACE' ) );
#1300 = ADVANCED_FACE ( 'NONE', ( #2829 ), #118, .T. ) ;
#1301 = CARTESIAN_POINT ( 'NONE',  ( 0.000000000000000000, 0.000000000000000000, 0.000000000000000000 ) ) ;
#1302 = ORIENTED_EDGE ( 'NONE', *, *, #2732, .F. ) ;
#1303 = ORIENTED_EDGE ( 'NONE', *, *, #2593, .T. ) ;
#1304 = EDGE_CURVE ( 'NONE', #3172, #444, #2813, .T. ) ;
#1305 = DIRECTION ( 'NONE',  ( -0.000000000000000000, 1.000000000000000000, -0.000000000000000000 ) ) ;
#1306 = CIRCLE ( 'NONE', #943, 44.99999999999999289 ) ;
#1307 = DIRECTION ( 'NONE',  ( 0.000000000000000000, 0.000000000000000000, 1.000000000000000000 ) ) ;
#1308 = EDGE_LOOP ( 'NONE', ( #2547, #3157, #2040, #900 ) ) ;
#1309 = FACE_OUTER_BOUND ( 'NONE', #529, .T. ) ;
#1310 = AXIS2_PLACEMENT_3D ( 'NONE', #188, #1912, #1663 ) ;
#1311 = CONICAL_SURFACE ( 'NONE', #2365, 2.750000000000000000, 1.047197551196595633 ) ;
#1312 = CARTESIAN_POINT ( 'NONE',  ( 0.000000000000000000, 19.49999999999999289, 0.000000000000000000 ) ) ;
#1313 = ORIENTED_EDGE ( 'NONE', *, *, #1817, .F. ) ;
#1314 = CARTESIAN_POINT ( 'NONE',  ( -1.843520544858950450, 2.111069397712021622, -1.800000000000001155 ) ) ;
#1315 = ORIENTED_EDGE ( 'NONE', *, *, #808, .T. ) ;
#1316 = ADVANCED_FACE ( 'NONE', ( #1309 ), #2066, .T. ) ;
#1317 = DIRECTION ( 'NONE',  ( 0.000000000000000000, 0.000000000000000000, 1.000000000000000000 ) ) ;
#1318 = SURFACE_SIDE_STYLE ('',( #77 ) ) ;
#1319 = LINE ( 'NONE', #1331, #1102 ) ;
#1320 = EDGE_CURVE ( 'NONE', #2980, #993, #1681, .T. ) ;
#1321 = CARTESIAN_POINT ( 'NONE',  ( 2.300137710042382100, -1.847441354476766051, -1.704334003592004265 ) ) ;
#1322 = ORIENTED_EDGE ( 'NONE', *, *, #1434, .F. ) ;
#1323 = PLANE ( 'NONE',  #1052 ) ;
#1324 = DIRECTION ( 'NONE',  ( -1.000000000000000000, 0.000000000000000000, 0.000000000000000000 ) ) ;
#1325 = ORIENTED_EDGE ( 'NONE', *, *, #396, .F. ) ;
#1326 = CARTESIAN_POINT ( 'NONE',  ( 0.000000000000000000, 0.000000000000000000, -1.774599999999997735 ) ) ;
#1327 = ORIENTED_EDGE ( 'NONE', *, *, #1988, .T. ) ;
#1328 = CARTESIAN_POINT ( 'NONE',  ( -10.50000000000000178, 2.000000000000000000, -6.000000000000003553 ) ) ;
#1329 = EDGE_CURVE ( 'NONE', #1891, #2794, #869, .T. ) ;
#1330 = CARTESIAN_POINT ( 'NONE',  ( 2.750000000000000000, 0.000000000000000000, 0.000000000000000000 ) ) ;
#1331 = CARTESIAN_POINT ( 'NONE',  ( -10.50000000000000178, 2.000000000000000000, 5.999999999999996447 ) ) ;
#1332 = B_SPLINE_CURVE_WITH_KNOTS ( 'NONE', 3,
 ( #2300, #1077, #605, #347 ),
 .UNSPECIFIED., .F., .F.,
 ( 4, 4 ),
 ( 2.380742992438248305E-07, 0.001606744326298691853 ),
 .UNSPECIFIED. ) ;
#1333 = EDGE_CURVE ( 'NONE', #257, #2965, #1171, .T. ) ;
#1334 = DIRECTION ( 'NONE',  ( 0.000000000000000000, 1.000000000000000000, 0.000000000000000000 ) ) ;
#1335 = CARTESIAN_POINT ( 'NONE',  ( 0.000000000000000000, 0.000000000000000000, 0.000000000000000000 ) ) ;
#1336 = CARTESIAN_POINT ( 'NONE',  ( 0.000000000000000000, 0.000000000000000000, 0.000000000000000000 ) ) ;
#1337 = CARTESIAN_POINT ( 'NONE',  ( 1.300000000000000044, 1.478016689125441596, -2.059984127722458425E-15 ) ) ;
#1338 = APPLICATION_CONTEXT ( 'automotive_design' ) ;
#1339 = ORIENTED_EDGE ( 'NONE', *, *, #3111, .F. ) ;
#1340 = DIRECTION ( 'NONE',  ( 0.000000000000000000, 0.000000000000000000, 1.000000000000000000 ) ) ;
#1341 = CIRCLE ( 'NONE', #1186, 44.99999999999999289 ) ;
#1342 = CARTESIAN_POINT ( 'NONE',  ( 0.000000000000000000, 0.000000000000000000, -1.799999999999999600 ) ) ;
#1343 = ORIENTED_EDGE ( 'NONE', *, *, #3169, .F. ) ;
#1344 = CLOSED_SHELL ( 'NONE', ( #189, #2536, #2173, #202, #1117, #1913, #692, #1618, #2608, #1159, #1942, #714 ) ) ;
#1345 = VECTOR ( 'NONE', #268, 1000.000000000000000 ) ;
#1346 = ORIENTED_EDGE ( 'NONE', *, *, #2555, .F. ) ;
#1347 = AXIS2_PLACEMENT_3D ( 'NONE', #1872, #2884, #642 ) ;
#1348 = CARTESIAN_POINT ( 'NONE',  ( 10.49999999999999822, 2.000000000000000000, 5.999999999999996447 ) ) ;
#1349 =( NAMED_UNIT ( * ) SI_UNIT ( $, .STERADIAN. ) SOLID_ANGLE_UNIT ( ) );
#1350 = CARTESIAN_POINT ( 'NONE',  ( 0.000000000000000000, 0.000000000000000000, 0.000000000000000000 ) ) ;
#1351 = CIRCLE ( 'NONE', #2573, 2.834474337496063256 ) ;
#1352 = LINE ( 'NONE', #1110, #57 ) ;
#1353 = CARTESIAN_POINT ( 'NONE',  ( 1.300000000000000044, 1.478016689125441596, -2.059984127722458425E-15 ) ) ;
#1354 = EDGE_CURVE ( 'NONE', #2119, #2339, #546, .T. ) ;
#1355 = CIRCLE ( 'NONE', #3050, 3.499999999999996003 ) ;
#1356 = DIRECTION ( 'NONE',  ( 0.000000000000000000, 0.000000000000000000, 1.000000000000000000 ) ) ;
#1357 = CARTESIAN_POINT ( 'NONE',  ( 0.000000000000000000, 0.000000000000000000, 0.000000000000000000 ) ) ;
#1358 = CIRCLE ( 'NONE', #70, 2.599999999999999201 ) ;
#1359 = ADVANCED_FACE ( 'NONE', ( #173 ), #201, .T. ) ;
#1360 = ORIENTED_EDGE ( 'NONE', *, *, #2782, .T. ) ;
#1361 = CIRCLE ( 'NONE', #850, 1.750000000000003553 ) ;
#1362 = DIRECTION ( 'NONE',  ( 0.000000000000000000, 0.000000000000000000, -1.000000000000000000 ) ) ;
#1363 = ORIENTED_EDGE ( 'NONE', *, *, #1886, .T. ) ;
#1364 = AXIS2_PLACEMENT_3D ( 'NONE', #791, #2530, #536 ) ;
#1365 = EDGE_LOOP ( 'NONE', ( #2642, #514 ) ) ;
#1366 = FACE_OUTER_BOUND ( 'NONE', #1910, .T. ) ;
#1367 = CARTESIAN_POINT ( 'NONE',  ( 0.000000000000000000, 0.000000000000000000, -1.800000000000000044 ) ) ;
#1368 = DIRECTION ( 'NONE',  ( -0.000000000000000000, -0.000000000000000000, 1.000000000000000000 ) ) ;
#1369 = CARTESIAN_POINT ( 'NONE',  ( 0.000000000000000000, 0.000000000000000000, -40.00000000000000000 ) ) ;
#1370 = DIRECTION ( 'NONE',  ( 0.000000000000000000, 0.000000000000000000, 1.000000000000000000 ) ) ;
#1371 = EDGE_CURVE ( 'NONE', #1119, #1057, #2428, .T. ) ;
#1372 = DIRECTION ( 'NONE',  ( 0.000000000000000000, 1.000000000000000000, 0.000000000000000000 ) ) ;
#1373 = DIRECTION ( 'NONE',  ( 0.9089660829111162466, 0.4168700758236577597, -1.558989997963487451E-15 ) ) ;
#1374 = DIRECTION ( 'NONE',  ( 0.000000000000000000, -1.000000000000000000, 0.000000000000000000 ) ) ;
#1375 = EDGE_LOOP ( 'NONE', ( #658, #937, #2916, #2849, #3051 ) ) ;
#1376 = EDGE_CURVE ( 'NONE', #459, #1891, #336, .T. ) ;
#1377 = CARTESIAN_POINT ( 'NONE',  ( -4.987329993433320396E-15, -3.175426480542942631, -1.554379906938135658 ) ) ;
#1378 = ORIENTED_EDGE ( 'NONE', *, *, #1095, .T. ) ;
#1379 = VERTEX_POINT ( 'NONE', #3134 ) ;
#1380 = DIRECTION ( 'NONE',  ( -1.000000000000000000, 0.000000000000000000, 0.000000000000000000 ) ) ;
#1381 = DIRECTION ( 'NONE',  ( 1.000000000000000000, 0.000000000000000000, 0.000000000000000000 ) ) ;
#1382 = CARTESIAN_POINT ( 'NONE',  ( 1.300000000000000044, -0.7390083445627211312, 1.280000000000001137 ) ) ;
#1383 = DIRECTION ( 'NONE',  ( -0.000000000000000000, 1.000000000000000000, -0.000000000000000000 ) ) ;
#1384 = DIRECTION ( 'NONE',  ( 0.000000000000000000, 0.000000000000000000, -1.000000000000000000 ) ) ;
#1385 = DIRECTION ( 'NONE',  ( -1.000000000000000000, 0.000000000000000000, 0.000000000000000000 ) ) ;
#1386 = CARTESIAN_POINT ( 'NONE',  ( 5.844972508076566069E-14, -40.00000000000000711, -3.000000000000009770 ) ) ;
#1387 = DIRECTION ( 'NONE',  ( 0.000000000000000000, 0.000000000000000000, 1.000000000000000000 ) ) ;
#1388 = VERTEX_POINT ( 'NONE', #1863 ) ;
#1389 = AXIS2_PLACEMENT_3D ( 'NONE', #152, #1092, #650 ) ;
#1390 =( NAMED_UNIT ( * ) PLANE_ANGLE_UNIT ( ) SI_UNIT ( $, .RADIAN. ) );
#1391 = ORIENTED_EDGE ( 'NONE', *, *, #2915, .F. ) ;
#1392 = ORIENTED_EDGE ( 'NONE', *, *, #2497, .F. ) ;
#1393 = EDGE_CURVE ( 'NONE', #2388, #1833, #1358, .T. ) ;
#1394 = SHAPE_REPRESENTATION ( 'BASE', ( #2513, #106, #2569, #531, #1142, #2349, #1561, #3186, #2186, #1444, #685, #2234, #2662, #1652, #1657, #1923, #1552, #2615, #2927 ), #3037 ) ;
#1395 = AXIS2_PLACEMENT_3D ( 'NONE', #2643, #1380, #3115 ) ;
#1396 = LINE ( 'NONE', #899, #979 ) ;
#1397 = AXIS2_PLACEMENT_3D ( 'NONE', #2873, #885, #2476 ) ;
#1398 = PRODUCT_DEFINITION_SHAPE ( 'NONE', 'NONE',  #3233 ) ;
#1399 = ADVANCED_FACE ( 'NONE', ( #2874 ), #2312, .F. ) ;
#1400 = AXIS2_PLACEMENT_3D ( 'NONE', #71, #2291, #1758 ) ;
#1401 = CARTESIAN_POINT ( 'NONE',  ( 1.500000000000000000, 1.836970198721029934E-16, -1.774599999999997735 ) ) ;
#1402 = CARTESIAN_POINT ( 'NONE',  ( -40.00000000000000000, 2.000000000000000000, 1.750000000000000000 ) ) ;
#1403 = AXIS2_PLACEMENT_3D ( 'NONE', #956, #705, #1893 ) ;
#1404 = STYLED_ITEM ( 'NONE', ( #1266 ), #722 ) ;
#1405 = DIRECTION ( 'NONE',  ( 0.000000000000000000, -1.000000000000000000, 0.000000000000000000 ) ) ;
#1406 = DIRECTION ( 'NONE',  ( 1.715124499442883285E-15, -6.938893903904287097E-18, 1.000000000000000222 ) ) ;
#1407 = CARTESIAN_POINT ( 'NONE',  ( 0.2243700767916243788, -3.045886356309202903, -1.629169932536020493 ) ) ;
#1408 = AXIS2_PLACEMENT_3D ( 'NONE', #427, #1889, #891 ) ;
#1409 = VERTEX_POINT ( 'NONE', #635 ) ;
#1410 = B_SPLINE_CURVE_WITH_KNOTS ( 'NONE', 3,
 ( #1011, #3057, #1763, #1567, #518, #1286 ),
 .UNSPECIFIED., .F., .F.,
 ( 4, 2, 4 ),
 ( 0.001606744326298691853, 0.002406996759593250934, 0.003207249192887809582 ),
 .UNSPECIFIED. ) ;
#1411 = AXIS2_PLACEMENT_3D ( 'NONE', #3063, #2551, #1064 ) ;
#1412 = FILL_AREA_STYLE ('',( #2452 ) ) ;
#1413 = ORIENTED_EDGE ( 'NONE', *, *, #2328, .F. ) ;
#1414 = ORIENTED_EDGE ( 'NONE', *, *, #2918, .F. ) ;
#1415 = AXIS2_PLACEMENT_3D ( 'NONE', #767, #2762, #2535 ) ;
#1416 = EDGE_CURVE ( 'NONE', #498, #99, #3153, .T. ) ;
#1417 = ORIENTED_EDGE ( 'NONE', *, *, #2541, .T. ) ;
#1418 = CIRCLE ( 'NONE', #804, 1.750000000000003553 ) ;
#1419 = DIRECTION ( 'NONE',  ( 1.000000000000000000, 0.000000000000000000, 0.000000000000000000 ) ) ;
#1420 = DIRECTION ( 'NONE',  ( 0.000000000000000000, 0.000000000000000000, 1.000000000000000000 ) ) ;
#1421 = EDGE_CURVE ( 'NONE', #1957, #1702, #898, .T. ) ;
#1422 = DIRECTION ( 'NONE',  ( 0.000000000000000000, -1.000000000000000000, 0.000000000000000000 ) ) ;
#1423 = CARTESIAN_POINT ( 'NONE',  ( -40.00000000000000000, 2.000000000000000000, 1.750000000000000000 ) ) ;
#1424 = DIRECTION ( 'NONE',  ( -1.000000000000000000, 0.000000000000000000, 0.000000000000000000 ) ) ;
#1425 = ORIENTED_EDGE ( 'NONE', *, *, #358, .F. ) ;
#1426 =( LENGTH_UNIT ( ) NAMED_UNIT ( * ) SI_UNIT ( .MILLI., .METRE. ) );
#1427 = ORIENTED_EDGE ( 'NONE', *, *, #318, .T. ) ;
#1428 = VERTEX_POINT ( 'NONE', #1433 ) ;
#1429 = ORIENTED_EDGE ( 'NONE', *, *, #2774, .F. ) ;
#1430 = DIRECTION ( 'NONE',  ( 0.000000000000000000, 0.000000000000000000, 1.000000000000000000 ) ) ;
#1431 = ORIENTED_EDGE ( 'NONE', *, *, #2121, .F. ) ;
#1432 = CARTESIAN_POINT ( 'NONE',  ( 0.000000000000000000, 0.000000000000000000, 0.000000000000000000 ) ) ;
#1433 = CARTESIAN_POINT ( 'NONE',  ( 0.000000000000000000, 0.000000000000000000, -44.99999999999999289 ) ) ;
#1434 = EDGE_CURVE ( 'NONE', #1069, #1761, #591, .T. ) ;
#1435 = DIRECTION ( 'NONE',  ( 0.000000000000000000, 0.000000000000000000, -1.000000000000000000 ) ) ;
#1436 = DIRECTION ( 'NONE',  ( -0.4168700758236577597, 0.9089660829111162466, 7.288618679375794025E-16 ) ) ;
#1437 = DIRECTION ( 'NONE',  ( 0.000000000000000000, 0.000000000000000000, 1.000000000000000000 ) ) ;
#1438 = ORIENTED_EDGE ( 'NONE', *, *, #1434, .T. ) ;
#1439 = DIRECTION ( 'NONE',  ( 0.000000000000000000, 0.000000000000000000, 1.000000000000000000 ) ) ;
#1440 = EDGE_LOOP ( 'NONE', ( #2952, #2308, #1134, #925 ) ) ;
#1441 = EDGE_LOOP ( 'NONE', ( #2453, #1026 ) ) ;
#1442 = CARTESIAN_POINT ( 'NONE',  ( 0.1499999999999973577, 0.000000000000000000, 2.749999999999999112 ) ) ;
#1443 = PLANE ( 'NONE',  #2949 ) ;
#1444 = AXIS2_PLACEMENT_3D ( 'NONE', #3121, #1865, #2881 ) ;
#1445 = VECTOR ( 'NONE', #1585, 1000.000000000000114 ) ;
#1446 = VERTEX_POINT ( 'NONE', #2632 ) ;
#1447 = PRODUCT_DEFINITION_FORMATION_WITH_SPECIFIED_SOURCE ( 'ANY', '', #2110, .NOT_KNOWN. ) ;
#1448 = AXIS2_PLACEMENT_3D ( 'NONE', #1256, #538, #2265 ) ;
#1449 = LINE ( 'NONE', #963, #930 ) ;
#1450 = DIRECTION ( 'NONE',  ( 0.000000000000000000, -0.4999999999999993339, 0.8660254037844389297 ) ) ;
#1451 = AXIS2_PLACEMENT_3D ( 'NONE', #554, #100, #307 ) ;
#1452 = CIRCLE ( 'NONE', #987, 2.599999999999999201 ) ;
#1453 = PRODUCT ( 'BottomBase', 'BottomBase', '', ( #283 ) ) ;
#1454 = CARTESIAN_POINT ( 'NONE',  ( 3.469446951953614189E-15, 0.000000000000000000, 41.74999999999999289 ) ) ;
#1455 = VECTOR ( 'NONE', #1131, 1000.000000000000000 ) ;
#1456 = CARTESIAN_POINT ( 'NONE',  ( 1.300000000000000044, -0.7390083445627240177, -1.279999999999999138 ) ) ;
#1457 = EDGE_CURVE ( 'NONE', #757, #947, #2415, .T. ) ;
#1458 = EDGE_LOOP ( 'NONE', ( #1604, #1282 ) ) ;
#1459 = CARTESIAN_POINT ( 'NONE',  ( 1.299999999999999156, -1.690103923579304970E-15, -1.279999999999999805 ) ) ;
#1460 =( NAMED_UNIT ( * ) SI_UNIT ( $, .STERADIAN. ) SOLID_ANGLE_UNIT ( ) );
#1461 = EDGE_CURVE ( 'NONE', #670, #1166, #3198, .T. ) ;
#1462 = AXIS2_PLACEMENT_3D ( 'NONE', #288, #303, #1492 ) ;
#1463 = ORIENTED_EDGE ( 'NONE', *, *, #2267, .F. ) ;
#1464 = AXIS2_PLACEMENT_3D ( 'NONE', #572, #1079, #1066 ) ;
#1465 = CARTESIAN_POINT ( 'NONE',  ( 2.750000000000000000, 1.587713240271468873, -1.800000000000000044 ) ) ;
#1466 = DIRECTION ( 'NONE',  ( 0.000000000000000000, 0.000000000000000000, -1.000000000000000000 ) ) ;
#1467 = AXIS2_PLACEMENT_3D ( 'NONE', #652, #2380, #1632 ) ;
#1468 = ORIENTED_EDGE ( 'NONE', *, *, #2756, .F. ) ;
#1469 = CIRCLE ( 'NONE', #1623, 1.749999999999994671 ) ;
#1470 = PLANE ( 'NONE',  #2776 ) ;
#1471 = FACE_BOUND ( 'NONE', #3191, .T. ) ;
#1472 = CIRCLE ( 'NONE', #76, 4.000000000000000000 ) ;
#1473 = CARTESIAN_POINT ( 'NONE',  ( 0.000000000000000000, 0.000000000000000000, 3.999999999999999112 ) ) ;
#1474 =( NAMED_UNIT ( * ) PLANE_ANGLE_UNIT ( ) SI_UNIT ( $, .RADIAN. ) );
#1475 = CARTESIAN_POINT ( 'NONE',  ( -31.74999999999995737, 3.367778697655220026E-16, -2.749999999999999112 ) ) ;
#1476 = ORIENTED_EDGE ( 'NONE', *, *, #696, .F. ) ;
#1477 = EDGE_CURVE ( 'NONE', #2674, #2388, #801, .T. ) ;
#1478 = CARTESIAN_POINT ( 'NONE',  ( -2.749999999999999112, 1.070896984529283946, -1.690208611084170309 ) ) ;
#1479 = ORIENTED_EDGE ( 'NONE', *, *, #130, .F. ) ;
#1480 = ADVANCED_FACE ( 'NONE', ( #2648 ), #2094, .F. ) ;
#1481 = DIRECTION ( 'NONE',  ( 0.000000000000000000, 1.000000000000000000, 0.000000000000000000 ) ) ;
#1482 = ORIENTED_EDGE ( 'NONE', *, *, #1677, .F. ) ;
#1483 = LINE ( 'NONE', #2222, #2318 ) ;
#1484 = VERTEX_POINT ( 'NONE', #1402 ) ;
#1485 = CARTESIAN_POINT ( 'NONE',  ( 1.300000000000000044, 0.7390083445627214642, 1.279999999999998694 ) ) ;
#1486 = PLANE ( 'NONE',  #756 ) ;
#1487 = DIRECTION ( 'NONE',  ( 0.000000000000000000, 0.000000000000000000, 1.000000000000000000 ) ) ;
#1488 = SHAPE_DEFINITION_REPRESENTATION ( #2617, #1710 ) ;
#1489 = ORIENTED_EDGE ( 'NONE', *, *, #1421, .F. ) ;
#1490 =( REPRESENTATION_RELATIONSHIP ('NONE','NONE', #1394, #411 ) REPRESENTATION_RELATIONSHIP_WITH_TRANSFORMATION ( #328 )SHAPE_REPRESENTATION_RELATIONSHIP( ) );
#1491 = LINE ( 'NONE', #2503, #1345 ) ;
#1492 = DIRECTION ( 'NONE',  ( 0.000000000000000000, 0.000000000000000000, 1.000000000000000000 ) ) ;
#1493 = EDGE_LOOP ( 'NONE', ( #1622, #575, #249 ) ) ;
#1494 = CARTESIAN_POINT ( 'NONE',  ( 1.608385152161859954, 2.246824879981693890, 1.892836292797610482E-15 ) ) ;
#1495 = VERTEX_POINT ( 'NONE', #540 ) ;
#1496 = CARTESIAN_POINT ( 'NONE',  ( 0.000000000000000000, 0.000000000000000000, -0.1925570730076722747 ) ) ;
#1497 = ADVANCED_FACE ( 'NONE', ( #2975 ), #2266, .F. ) ;
#1498 = ORIENTED_EDGE ( 'NONE', *, *, #2305, .F. ) ;
#1499 = CIRCLE ( 'NONE', #1136, 1.749999999999994671 ) ;
#1500 = LINE ( 'NONE', #1273, #1206 ) ;
#1501 = EDGE_CURVE ( 'NONE', #2688, #1409, #1100, .T. ) ;
#1502 = COLOUR_RGB ( '',0.7921568627450980005, 0.8196078431372548767, 0.9333333333333333481 ) ;
#1503 = DIRECTION ( 'NONE',  ( 0.000000000000000000, 0.000000000000000000, 1.000000000000000000 ) ) ;
#1504 = APPLICATION_PROTOCOL_DEFINITION ( 'draft international standard', 'automotive_design', 1998, #2787 ) ;
#1505 = ORIENTED_EDGE ( 'NONE', *, *, #1278, .T. ) ;
#1506 = CARTESIAN_POINT ( 'NONE',  ( 3.367778697655220519E-16, -3.000000000000000000, 2.750000000000000000 ) ) ;
#1507 = TOROIDAL_SURFACE ( 'NONE', #684, 2.599999999999999201, 0.1499999999999999944 ) ;
#1508 = AXIS2_PLACEMENT_3D ( 'NONE', #1174, #127, #668 ) ;
#1509 = CONICAL_SURFACE ( 'NONE', #1347, 1.500000000000000000, 0.9599310885968848073 ) ;
#1510 = CARTESIAN_POINT ( 'NONE',  ( 2.749999999999999556, -1.329484544808467561, -1.628924110357173438 ) ) ;
#1511 = CARTESIAN_POINT ( 'NONE',  ( 1.375000000000000000, -2.381569860407206196, 0.000000000000000000 ) ) ;
#1512 = VERTEX_POINT ( 'NONE', #29 ) ;
#1513 = AXIS2_PLACEMENT_3D ( 'NONE', #2232, #2754, #2543 ) ;
#1514 = DIRECTION ( 'NONE',  ( -0.000000000000000000, 1.000000000000000000, -0.000000000000000000 ) ) ;
#1515 = VERTEX_POINT ( 'NONE', #519 ) ;
#1516 = DIRECTION ( 'NONE',  ( 0.000000000000000000, 0.000000000000000000, -1.000000000000000000 ) ) ;
#1517 = DIRECTION ( 'NONE',  ( 0.000000000000000000, 0.000000000000000000, 1.000000000000000000 ) ) ;
#1518 = ADVANCED_FACE ( 'NONE', ( #1734 ), #728, .F. ) ;
#1519 = DIRECTION ( 'NONE',  ( -0.000000000000000000, 1.000000000000000000, -0.000000000000000000 ) ) ;
#1520 = VECTOR ( 'NONE', #769, 1000.000000000000000 ) ;
#1521 = LINE ( 'NONE', #999, #901 ) ;
#1522 = AXIS2_PLACEMENT_3D ( 'NONE', #1629, #2109, #167 ) ;
#1523 = ADVANCED_FACE ( 'NONE', ( #1013 ), #1749, .F. ) ;
#1524 = DIRECTION ( 'NONE',  ( 0.000000000000000000, 0.000000000000000000, 1.000000000000000000 ) ) ;
#1525 = VERTEX_POINT ( 'NONE', #1966 ) ;
#1526 = CYLINDRICAL_SURFACE ( 'NONE', #1782, 44.99999999999999289 ) ;
#1527 = CONICAL_SURFACE ( 'NONE', #121, 1.224999999999999423, 0.9599310885968770357 ) ;
#1528 = FACE_OUTER_BOUND ( 'NONE', #2698, .T. ) ;
#1529 = CARTESIAN_POINT ( 'NONE',  ( 2.143131898507866818E-16, 2.000000000000000000, -41.75000000000000000 ) ) ;
#1530 = ORIENTED_EDGE ( 'NONE', *, *, #1259, .F. ) ;
#1531 = B_SPLINE_CURVE_WITH_KNOTS ( 'NONE', 3,
 ( #2682, #2664, #618, #2129 ),
 .UNSPECIFIED., .F., .F.,
 ( 4, 4 ),
 ( 2.380742992396518698E-07, 0.001606744326298686866 ),
 .UNSPECIFIED. ) ;
#1532 = EDGE_LOOP ( 'NONE', ( #1738, #2751 ) ) ;
#1533 = DIRECTION ( 'NONE',  ( -1.000000000000000000, -0.000000000000000000, -0.000000000000000000 ) ) ;
#1534 =( LENGTH_UNIT ( ) NAMED_UNIT ( * ) SI_UNIT ( .MILLI., .METRE. ) );
#1535 = DIRECTION ( 'NONE',  ( 0.000000000000000000, 0.000000000000000000, 1.000000000000000000 ) ) ;
#1536 = DIRECTION ( 'NONE',  ( 0.000000000000000000, 1.000000000000000000, 0.000000000000000000 ) ) ;
#1537 = ITEM_DEFINED_TRANSFORMATION ( 'NONE', 'NONE', #685,  #2670 ) ;
#1538 = ORIENTED_EDGE ( 'NONE', *, *, #3165, .F. ) ;
#1539 = CARTESIAN_POINT ( 'NONE',  ( -0.9085346626517020185, 2.650883748492876446, -1.776480395431939474 ) ) ;
#1540 = EDGE_CURVE ( 'NONE', #1006, #2885, #2395, .T. ) ;
#1541 = EDGE_CURVE ( 'NONE', #3054, #1891, #978, .T. ) ;
#1542 = ORIENTED_EDGE ( 'NONE', *, *, #1371, .F. ) ;
#1543 = DIRECTION ( 'NONE',  ( -0.000000000000000000, -1.000000000000000000, -0.000000000000000000 ) ) ;
#1544 = EDGE_LOOP ( 'NONE', ( #693, #721, #813, #1920 ) ) ;
#1545 = DIRECTION ( 'NONE',  ( -1.000000000000000000, 0.000000000000000000, 0.000000000000000000 ) ) ;
#1546 = DIRECTION ( 'NONE',  ( 0.000000000000000000, 0.000000000000000000, 1.000000000000000000 ) ) ;
#1547 = CONICAL_SURFACE ( 'NONE', #524, 2.750000000000000000, 1.047197551196595633 ) ;
#1548 = CARTESIAN_POINT ( 'NONE',  ( -10.50000000000000178, 0.000000000000000000, -6.000000000000003553 ) ) ;
#1549 = ITEM_DEFINED_TRANSFORMATION ( 'NONE', 'NONE', #1657,  #2670 ) ;
#1550 = ORIENTED_EDGE ( 'NONE', *, *, #3078, .F. ) ;
#1551 = CARTESIAN_POINT ( 'NONE',  ( 2.750000000000000000, -1.587713240271473758, -1.800000000000000044 ) ) ;
#1552 = AXIS2_PLACEMENT_3D ( 'NONE', #2466, #1736, #245 ) ;
#1553 = AXIS2_PLACEMENT_3D ( 'NONE', #615, #664, #404 ) ;
#1554 = EDGE_CURVE ( 'NONE', #2293, #2794, #1521, .T. ) ;
#1555 = CIRCLE ( 'NONE', #1451, 1.500000000000000000 ) ;
#1556 = VECTOR ( 'NONE', #241, 999.9999999999998863 ) ;
#1557 =( LENGTH_UNIT ( ) NAMED_UNIT ( * ) SI_UNIT ( .MILLI., .METRE. ) );
#1558 = CARTESIAN_POINT ( 'NONE',  ( 0.000000000000000000, 0.000000000000000000, -1.774599999999997735 ) ) ;
#1559 = ORIENTED_EDGE ( 'NONE', *, *, #961, .F. ) ;
#1560 = CIRCLE ( 'NONE', #157, 1.750000000000003553 ) ;
#1561 = AXIS2_PLACEMENT_3D ( 'NONE', #1682, #3180, #1933 ) ;
#1562 = EDGE_CURVE ( 'NONE', #2520, #1024, #1574, .T. ) ;
#1563 = LINE ( 'NONE', #398, #1824 ) ;
#1564 = ORIENTED_EDGE ( 'NONE', *, *, #1477, .F. ) ;
#1565 = CARTESIAN_POINT ( 'NONE',  ( 40.00000000000000000, 0.000000000000000000, -1.734723475976807094E-15 ) ) ;
#1566 = AXIS2_PLACEMENT_3D ( 'NONE', #2554, #2767, #970 ) ;
#1567 = CARTESIAN_POINT ( 'NONE',  ( -2.299387885565524314, -1.847874265840322439, -1.690910569535891250 ) ) ;
#1568 = DIRECTION ( 'NONE',  ( 1.000000000000000000, 0.000000000000000000, 0.000000000000000000 ) ) ;
#1569 = AXIS2_PLACEMENT_3D ( 'NONE', #523, #2786, #1017 ) ;
#1570 = VECTOR ( 'NONE', #3177, 1000.000000000000000 ) ;
#1571 = CARTESIAN_POINT ( 'NONE',  ( 0.000000000000000000, 0.000000000000000000, -1.799999999999999600 ) ) ;
#1572 = EDGE_LOOP ( 'NONE', ( #2494, #975, #1276, #2669, #38, #2183 ) ) ;
#1573 = DIRECTION ( 'NONE',  ( 0.000000000000000000, -0.5000000000000019984, -0.8660254037844375974 ) ) ;
#1574 = CIRCLE ( 'NONE', #2634, 2.749999999999999112 ) ;
#1575 = PRESENTATION_LAYER_ASSIGNMENT (  '', '', ( #1835 ) ) ;
#1576 = DIRECTION ( 'NONE',  ( -0.000000000000000000, -0.000000000000000000, 1.000000000000000000 ) ) ;
#1577 = ORIENTED_EDGE ( 'NONE', *, *, #2677, .F. ) ;
#1578 = EDGE_CURVE ( 'NONE', #194, #1149, #2048, .T. ) ;
#1579 = CARTESIAN_POINT ( 'NONE',  ( 1.250000000000000000, 0.000000000000000000, -1.599548115447571472 ) ) ;
#1580 = ORIENTED_EDGE ( 'NONE', *, *, #2898, .T. ) ;
#1581 = DIRECTION ( 'NONE',  ( 0.000000000000000000, 0.000000000000000000, 1.000000000000000000 ) ) ;
#1582 = EDGE_CURVE ( 'NONE', #954, #2990, #259, .T. ) ;
#1583 = PLANE ( 'NONE',  #1395 ) ;
#1584 = CARTESIAN_POINT ( 'NONE',  ( 1.500000000000000000, 1.836970198721029934E-16, -1.774599999999997735 ) ) ;
#1585 = DIRECTION ( 'NONE',  ( 0.000000000000000000, -0.7071067811865500152, -0.7071067811865451302 ) ) ;
#1586 = DIRECTION ( 'NONE',  ( -0.000000000000000000, -0.000000000000000000, 1.000000000000000000 ) ) ;
#1587 = DIRECTION ( 'NONE',  ( 0.000000000000000000, -0.000000000000000000, 1.000000000000000000 ) ) ;
#1588 = VERTEX_POINT ( 'NONE', #750 ) ;
#1589 = CARTESIAN_POINT ( 'NONE',  ( 10.49999999999999822, 0.000000000000000000, 5.999999999999996447 ) ) ;
#1590 = PRODUCT_RELATED_PRODUCT_CATEGORY ( 'part', '', ( #2377 ) ) ;
#1591 = ORIENTED_EDGE ( 'NONE', *, *, #808, .F. ) ;
#1592 = ORIENTED_EDGE ( 'NONE', *, *, #2649, .F. ) ;
#1593 = CARTESIAN_POINT ( 'NONE',  ( 0.000000000000000000, 0.000000000000000000, -0.1750518845524290101 ) ) ;
#1594 = EDGE_CURVE ( 'NONE', #2969, #2919, #1500, .T. ) ;
#1595 = APPLICATION_CONTEXT ( 'automotive_design' ) ;
#1596 = FACE_OUTER_BOUND ( 'NONE', #2216, .T. ) ;
#1597 = CARTESIAN_POINT ( 'NONE',  ( 0.000000000000000000, 0.000000000000000000, -1.800000000000000044 ) ) ;
#1598 = DIRECTION ( 'NONE',  ( 0.000000000000000000, 0.000000000000000000, 1.000000000000000000 ) ) ;
#1599 = B_SPLINE_CURVE_WITH_KNOTS ( 'NONE', 3,
 ( #1831, #1321, #585, #781 ),
 .UNSPECIFIED., .F., .F.,
 ( 4, 4 ),
 ( 2.380742992396673281E-07, 0.001606744326298686649 ),
 .UNSPECIFIED. ) ;
#1600 = CARTESIAN_POINT ( 'NONE',  ( 2.750000000000000000, 1.587713240271473092, -1.554379906938135658 ) ) ;
#1601 = DIRECTION ( 'NONE',  ( 0.000000000000000000, 0.000000000000000000, 1.000000000000000000 ) ) ;
#1602 = CARTESIAN_POINT ( 'NONE',  ( 3.469446951953614189E-15, 2.000000000000000000, 40.00000000000000000 ) ) ;
#1603 = VECTOR ( 'NONE', #452, 1000.000000000000000 ) ;
#1604 = ORIENTED_EDGE ( 'NONE', *, *, #255, .F. ) ;
#1605 = PRODUCT_DEFINITION_SHAPE ( 'NONE', 'NONE',  #3222 ) ;
#1606 = CARTESIAN_POINT ( 'NONE',  ( -31.74999999999995737, 0.000000000000000000, 0.000000000000000000 ) ) ;
#1607 = ORIENTED_EDGE ( 'NONE', *, *, #533, .F. ) ;
#1608 = CIRCLE ( 'NONE', #2296, 1.750000000000003553 ) ;
#1609 = PRODUCT_DEFINITION_CONTEXT ( 'detailed design', #44, 'design' ) ;
#1610 = ORIENTED_EDGE ( 'NONE', *, *, #3126, .F. ) ;
#1611 = CIRCLE ( 'NONE', #2517, 1.750000000000003553 ) ;
#1612 = DIRECTION ( 'NONE',  ( -0.000000000000000000, 0.000000000000000000, -1.000000000000000000 ) ) ;
#1613 = CARTESIAN_POINT ( 'NONE',  ( 3.469446951953614189E-15, 0.000000000000000000, 40.00000000000000000 ) ) ;
#1614 = ADVANCED_FACE ( 'NONE', ( #2781 ), #2499, .T. ) ;
#1615 = PLANE ( 'NONE',  #1924 ) ;
#1616 = CARTESIAN_POINT ( 'NONE',  ( 0.000000000000000000, 0.000000000000000000, -40.00000000000000000 ) ) ;
#1617 = CARTESIAN_POINT ( 'NONE',  ( 1.300000000000000044, -0.7390083445627211312, 1.280000000000001137 ) ) ;
#1618 = ADVANCED_FACE ( 'NONE', ( #1471, #1241, #295, #2959, #2728 ), #1486, .F. ) ;
#1619 = CARTESIAN_POINT ( 'NONE',  ( -2.749999999999999556, 0.2684568315541762673, -1.715241718189957570E-17 ) ) ;
#1620 = DIRECTION ( 'NONE',  ( 0.000000000000000000, 0.000000000000000000, 1.000000000000000000 ) ) ;
#1621 = CIRCLE ( 'NONE', #1204, 44.99999999999999289 ) ;
#1622 = ORIENTED_EDGE ( 'NONE', *, *, #399, .T. ) ;
#1623 = AXIS2_PLACEMENT_3D ( 'NONE', #1613, #2644, #1153 ) ;
#1624 = CARTESIAN_POINT ( 'NONE',  ( 40.00000000000000000, 0.000000000000000000, 1.750000000000001776 ) ) ;
#1625 = ORIENTED_EDGE ( 'NONE', *, *, #2752, .F. ) ;
#1626 = AXIS2_PLACEMENT_3D ( 'NONE', #26, #2703, #2239 ) ;
#1627 = ORIENTED_EDGE ( 'NONE', *, *, #2079, .T. ) ;
#1628 = CARTESIAN_POINT ( 'NONE',  ( 40.00000000000000000, 0.000000000000000000, 1.750000000000001776 ) ) ;
#1629 = CARTESIAN_POINT ( 'NONE',  ( 0.000000000000000000, -3.000000000000000000, 0.000000000000000000 ) ) ;
#1630 = FACE_BOUND ( 'NONE', #3065, .T. ) ;
#1631 = PLANE ( 'NONE',  #1397 ) ;
#1632 = DIRECTION ( 'NONE',  ( 0.000000000000000000, 0.000000000000000000, 1.000000000000000000 ) ) ;
#1633 = ADVANCED_FACE ( 'NONE', ( #1694 ), #1311, .T. ) ;
#1634 = PRODUCT_DEFINITION_SHAPE ( 'NONE', 'NONE',  #3224 ) ;
#1635 = DIRECTION ( 'NONE',  ( 0.000000000000000000, 0.000000000000000000, -1.000000000000000000 ) ) ;
#1636 = DIRECTION ( 'NONE',  ( -0.3435100917910682838, 0.9391489854318599839, 5.544681047171958908E-16 ) ) ;
#1637 = CARTESIAN_POINT ( 'NONE',  ( 0.9085346626517020185, -2.650883748492878667, -1.776480395431938364 ) ) ;
#1638 = EDGE_CURVE ( 'NONE', #350, #673, #2483, .T. ) ;
#1639 = ORIENTED_EDGE ( 'NONE', *, *, #370, .F. ) ;
#1640 = CARTESIAN_POINT ( 'NONE',  ( 0.000000000000000000, 0.000000000000000000, -38.25000000000000000 ) ) ;
#1641 = EDGE_LOOP ( 'NONE', ( #192, #806 ) ) ;
#1642 = ORIENTED_EDGE ( 'NONE', *, *, #811, .F. ) ;
#1643 = CARTESIAN_POINT ( 'NONE',  ( 0.000000000000000000, 0.000000000000000000, -38.25000000000000000 ) ) ;
#1644 = DIRECTION ( 'NONE',  ( 0.000000000000000000, 0.000000000000000000, -1.000000000000000000 ) ) ;
#1645 = FACE_BOUND ( 'NONE', #788, .T. ) ;
#1646 = DIRECTION ( 'NONE',  ( 0.000000000000000000, -1.000000000000000000, 0.000000000000000000 ) ) ;
#1647 = DIRECTION ( 'NONE',  ( 0.000000000000000000, 0.000000000000000000, -1.000000000000000000 ) ) ;
#1648 = DIRECTION ( 'NONE',  ( -0.2381014474107938650, 0.9712402899081591379, 4.083736258070608686E-16 ) ) ;
#1649 = LINE ( 'NONE', #1953, #1885 ) ;
#1650 = EDGE_LOOP ( 'NONE', ( #2029, #1339, #2999, #2603, #2601, #2828 ) ) ;
#1651 = ADVANCED_FACE ( 'NONE', ( #3059 ), #1028, .F. ) ;
#1652 = AXIS2_PLACEMENT_3D ( 'NONE', #1193, #753, #3217 ) ;
#1653 = AXIS2_PLACEMENT_3D ( 'NONE', #297, #1536, #3089 ) ;
#1654 = SURFACE_STYLE_USAGE ( .BOTH. , #1908 ) ;
#1655 = ORIENTED_EDGE ( 'NONE', *, *, #1000, .F. ) ;
#1656 = ORIENTED_EDGE ( 'NONE', *, *, #2918, .T. ) ;
#1657 = AXIS2_PLACEMENT_3D ( 'NONE', #3200, #1243, #2007 ) ;
#1658 = CIRCLE ( 'NONE', #2824, 2.750000000000000000 ) ;
#1659 = ADVANCED_FACE ( 'NONE', ( #356 ), #2795, .T. ) ;
#1660 = CARTESIAN_POINT ( 'NONE',  ( 40.00000000000000000, 2.000000000000000000, -1.734723475976807094E-15 ) ) ;
#1661 = AXIS2_PLACEMENT_3D ( 'NONE', #3206, #2967, #2917 ) ;
#1662 = DIRECTION ( 'NONE',  ( -0.000000000000000000, 1.000000000000000000, -0.000000000000000000 ) ) ;
#1663 = DIRECTION ( 'NONE',  ( 0.000000000000000000, 0.000000000000000000, 1.000000000000000000 ) ) ;
#1664 = AXIS2_PLACEMENT_3D ( 'NONE', #2504, #2982, #1020 ) ;
#1665 = CARTESIAN_POINT ( 'NONE',  ( -2.750000000000000000, 0.000000000000000000, 0.000000000000000000 ) ) ;
#1666 =( NAMED_UNIT ( * ) PLANE_ANGLE_UNIT ( ) SI_UNIT ( $, .RADIAN. ) );
#1667 = CARTESIAN_POINT ( 'NONE',  ( 0.000000000000000000, 0.000000000000000000, -1.599548115447571472 ) ) ;
#1668 = CIRCLE ( 'NONE', #2891, 1.750000000000003553 ) ;
#1669 = VERTEX_POINT ( 'NONE', #2825 ) ;
#1670 = AXIS2_PLACEMENT_3D ( 'NONE', #1244, #2252, #16 ) ;
#1671 = DIRECTION ( 'NONE',  ( 0.000000000000000000, 1.000000000000000000, 0.000000000000000000 ) ) ;
#1672 = VERTEX_POINT ( 'NONE', #326 ) ;
#1673 = EDGE_CURVE ( 'NONE', #2410, #2715, #387, .T. ) ;
#1674 = ORIENTED_EDGE ( 'NONE', *, *, #2865, .F. ) ;
#1675 = ORIENTED_EDGE ( 'NONE', *, *, #2027, .F. ) ;
#1676 = AXIS2_PLACEMENT_3D ( 'NONE', #1705, #711, #1253 ) ;
#1677 = EDGE_CURVE ( 'NONE', #670, #1512, #1783, .T. ) ;
#1678 = FACE_BOUND ( 'NONE', #2625, .T. ) ;
#1679 = DIRECTION ( 'NONE',  ( 0.000000000000000000, 1.000000000000000000, 0.000000000000000000 ) ) ;
#1680 = DIRECTION ( 'NONE',  ( -1.000000000000000000, 0.000000000000000000, 0.000000000000000000 ) ) ;
#1681 = B_SPLINE_CURVE_WITH_KNOTS ( 'NONE', 3,
 ( #1158, #905, #2162, #917, #2896, #699 ),
 .UNSPECIFIED., .F., .F.,
 ( 4, 2, 4 ),
 ( 0.004438889715320069353, 0.005242467187915807701, 0.006046044660511546917 ),
 .UNSPECIFIED. ) ;
#1682 = CARTESIAN_POINT ( 'NONE',  ( 40.00000000000000000, 7.210707120794701497E-14, 1.999999999999933165 ) ) ;
#1683 = FACE_OUTER_BOUND ( 'NONE', #1650, .T. ) ;
#1684 = VERTEX_POINT ( 'NONE', #2800 ) ;
#1685 = PRODUCT_DEFINITION_SHAPE ( 'NONE', 'NONE',  #3237 ) ;
#1686 = VERTEX_POINT ( 'NONE', #1584 ) ;
#1687 = ORIENTED_EDGE ( 'NONE', *, *, #976, .T. ) ;
#1688 = DIRECTION ( 'NONE',  ( 0.000000000000000000, 1.000000000000000000, 0.000000000000000000 ) ) ;
#1689 = ORIENTED_EDGE ( 'NONE', *, *, #2768, .F. ) ;
#1690 = FACE_OUTER_BOUND ( 'NONE', #2957, .T. ) ;
#1691 = ORIENTED_EDGE ( 'NONE', *, *, #1281, .T. ) ;
#1692 = ADVANCED_FACE ( 'NONE', ( #2282 ), #555, .F. ) ;
#1693 = CARTESIAN_POINT ( 'NONE',  ( 32.71950000000001069, 0.000000000000000000, 0.000000000000000000 ) ) ;
#1694 = FACE_OUTER_BOUND ( 'NONE', #2031, .T. ) ;
#1695 = EDGE_CURVE ( 'NONE', #5, #477, #1319, .T. ) ;
#1696 = DIRECTION ( 'NONE',  ( 0.000000000000000000, 0.000000000000000000, 1.000000000000000000 ) ) ;
#1697 = CARTESIAN_POINT ( 'NONE',  ( -39.99999999999995737, -6.705240246671599754E-14, 25.80000000000007532 ) ) ;
#1698 = CARTESIAN_POINT ( 'NONE',  ( 1.141614847838142710, -2.516314840832719391, -1.800000000000000488 ) ) ;
#1699 = VERTEX_POINT ( 'NONE', #1796 ) ;
#1700 = DIRECTION ( 'NONE',  ( 0.000000000000000000, 0.000000000000000000, -1.000000000000000000 ) ) ;
#1701 = EDGE_LOOP ( 'NONE', ( #216, #1857, #2437, #971, #1656, #240 ) ) ;
#1702 = VERTEX_POINT ( 'NONE', #2092 ) ;
#1703 = CARTESIAN_POINT ( 'NONE',  ( 0.1499999999999973577, 0.000000000000000000, 0.000000000000000000 ) ) ;
#1704 = EDGE_LOOP ( 'NONE', ( #3173, #491 ) ) ;
#1705 = CARTESIAN_POINT ( 'NONE',  ( 0.000000000000000000, 0.000000000000000000, 0.000000000000000000 ) ) ;
#1706 = PRODUCT_DEFINITION_FORMATION_WITH_SPECIFIED_SOURCE ( 'ANY', '', #504, .NOT_KNOWN. ) ;
#1707 = CIRCLE ( 'NONE', #1033, 1.600000000000000977 ) ;
#1708 = ORIENTED_EDGE ( 'NONE', *, *, #1293, .T. ) ;
#1709 = AXIS2_PLACEMENT_3D ( 'NONE', #1616, #959, #196 ) ;
#1710 = SHAPE_REPRESENTATION ( 'Holder1', ( #2670 ), #3 ) ;
#1711 = CIRCLE ( 'NONE', #2564, 1.250000000000000000 ) ;
#1712 = DIRECTION ( 'NONE',  ( 0.000000000000000000, -1.320393690296332119E-15, -1.000000000000000000 ) ) ;
#1713 = CARTESIAN_POINT ( 'NONE',  ( 3.683760141804400698E-15, 0.000000000000000000, 38.25000000000000711 ) ) ;
#1714 = EDGE_CURVE ( 'NONE', #863, #1699, #697, .T. ) ;
#1715 = CIRCLE ( 'NONE', #1400, 44.99999999999999289 ) ;
#1716 =( GEOMETRIC_REPRESENTATION_CONTEXT ( 3 ) GLOBAL_UNCERTAINTY_ASSIGNED_CONTEXT ( ( #1869 ) ) GLOBAL_UNIT_ASSIGNED_CONTEXT ( ( #2621, #84, #379 ) ) REPRESENTATION_CONTEXT ( 'NONE', 'WORKASPACE' ) );
#1717 = DIRECTION ( 'NONE',  ( -0.000000000000000000, -1.000000000000000000, -0.000000000000000000 ) ) ;
#1718 = CARTESIAN_POINT ( 'NONE',  ( 0.000000000000000000, 0.000000000000000000, 0.000000000000000000 ) ) ;
#1719 = CARTESIAN_POINT ( 'NONE',  ( -2.750000000000000444, -1.065007702645621723, -1.691446954715292827 ) ) ;
#1720 = ADVANCED_FACE ( 'NONE', ( #3086, #2856, #795, #2032, #78, #613 ), #1060, .T. ) ;
#1721 = EDGE_LOOP ( 'NONE', ( #2578, #1438 ) ) ;
#1722 = VECTOR ( 'NONE', #2274, 1000.000000000000000 ) ;
#1723 = DIRECTION ( 'NONE',  ( 0.000000000000000000, -1.000000000000000000, 0.000000000000000000 ) ) ;
#1724 = FACE_BOUND ( 'NONE', #1458, .T. ) ;
#1725 = VERTEX_POINT ( 'NONE', #2342 ) ;
#1726 = CIRCLE ( 'NONE', #1408, 0.5000000000000000000 ) ;
#1727 = DIRECTION ( 'NONE',  ( -0.000000000000000000, -0.000000000000000000, 1.000000000000000000 ) ) ;
#1728 = ORIENTED_EDGE ( 'NONE', *, *, #671, .T. ) ;
#1729 = DIRECTION ( 'NONE',  ( 0.000000000000000000, -0.4999999999999993894, 0.8660254037844390407 ) ) ;
#1730 = VECTOR ( 'NONE', #330, 1000.000000000000000 ) ;
#1731 = ORIENTED_EDGE ( 'NONE', *, *, #3130, .T. ) ;
#1732 = AXIS2_PLACEMENT_3D ( 'NONE', #309, #584, #810 ) ;
#1733 = CARTESIAN_POINT ( 'NONE',  ( -1.375000000000001776, -2.381569860407205308, -1.800000000000000044 ) ) ;
#1734 = FACE_OUTER_BOUND ( 'NONE', #2951, .T. ) ;
#1735 = FACE_OUTER_BOUND ( 'NONE', #1041, .T. ) ;
#1736 = DIRECTION ( 'NONE',  ( 1.742880075058511804E-15, -1.127570259384625707E-17, 1.000000000000000000 ) ) ;
#1737 = DIRECTION ( 'NONE',  ( -1.000000000000000000, -0.000000000000000000, -0.000000000000000000 ) ) ;
#1738 = ORIENTED_EDGE ( 'NONE', *, *, #37, .F. ) ;
#1739 = EDGE_CURVE ( 'NONE', #673, #597, #547, .T. ) ;
#1740 = EDGE_CURVE ( 'NONE', #783, #620, #2548, .T. ) ;
#1741 = DIRECTION ( 'NONE',  ( -1.000000000000000000, -0.000000000000000000, -0.000000000000000000 ) ) ;
#1742 = EDGE_LOOP ( 'NONE', ( #1580, #849, #2566 ) ) ;
#1743 = ADVANCED_FACE ( 'NONE', ( #1596 ), #369, .F. ) ;
#1744 = CARTESIAN_POINT ( 'NONE',  ( 2.525629923208371874, 1.717253364505212376, -0.1708300674639762484 ) ) ;
#1745 = ORIENTED_EDGE ( 'NONE', *, *, #1638, .F. ) ;
#1746 = LINE ( 'NONE', #2759, #3204 ) ;
#1747 = ORIENTED_EDGE ( 'NONE', *, *, #3032, .T. ) ;
#1748 = CARTESIAN_POINT ( 'NONE',  ( -1.500000000000000000, 1.836970198721029934E-16, -1.799999999999999600 ) ) ;
#1749 = CYLINDRICAL_SURFACE ( 'NONE', #2947, 1.750000000000001554 ) ;
#1750 = CARTESIAN_POINT ( 'NONE',  ( 2.750000000000000000, -0.2682974265912528855, 7.623296525288698429E-18 ) ) ;
#1751 = MANIFOLD_SOLID_BREP ( 'Cut-Extrude1', #1344 ) ;
#1752 = APPLICATION_PROTOCOL_DEFINITION ( 'draft international standard', 'automotive_design', 1998, #3174 ) ;
#1753 = CYLINDRICAL_SURFACE ( 'NONE', #1890, 1.250000000000000000 ) ;
#1754 = CARTESIAN_POINT ( 'NONE',  ( 2.749999999999999112, -1.587713240271473758, -1.554379906938135658 ) ) ;
#1755 = DIRECTION ( 'NONE',  ( -0.000000000000000000, -1.000000000000000000, -0.000000000000000000 ) ) ;
#1756 = EDGE_LOOP ( 'NONE', ( #2402, #116, #837, #3203 ) ) ;
#1757 = EDGE_CURVE ( 'NONE', #1220, #3083, #2097, .T. ) ;
#1758 = DIRECTION ( 'NONE',  ( 0.000000000000000000, 0.000000000000000000, 1.000000000000000000 ) ) ;
#1759 = ORIENTED_EDGE ( 'NONE', *, *, #3187, .T. ) ;
#1760 = FACE_OUTER_BOUND ( 'NONE', #178, .T. ) ;
#1761 = VERTEX_POINT ( 'NONE', #902 ) ;
#1762 = ADVANCED_FACE ( 'NONE', ( #2870, #1168 ), #136, .T. ) ;
#1763 = CARTESIAN_POINT ( 'NONE',  ( -1.841465337348299869, -2.112255972321537278, -1.776480395431938586 ) ) ;
#1764 = AXIS2_PLACEMENT_3D ( 'NONE', #1350, #2111, #1156 ) ;
#1765 = CARTESIAN_POINT ( 'NONE',  ( 1.299999999999999156, 0.000000000000000000, 1.279999999999999805 ) ) ;
#1766 =( REPRESENTATION_RELATIONSHIP ('NONE','NONE', #1394, #2964 ) REPRESENTATION_RELATIONSHIP_WITH_TRANSFORMATION ( #2064 )SHAPE_REPRESENTATION_RELATIONSHIP( ) );
#1767 = EDGE_CURVE ( 'NONE', #620, #2168, #1491, .T. ) ;
#1768 = VECTOR ( 'NONE', #59, 1000.000000000000000 ) ;
#1769 = DIRECTION ( 'NONE',  ( 0.000000000000000000, 0.000000000000000000, 1.000000000000000000 ) ) ;
#1770 = ORIENTED_EDGE ( 'NONE', *, *, #1777, .T. ) ;
#1771 = DIRECTION ( 'NONE',  ( -0.5000000000000003331, 0.8660254037844384856, 0.000000000000000000 ) ) ;
#1772 = AXIS2_PLACEMENT_3D ( 'NONE', #251, #1251, #1233 ) ;
#1773 = DIRECTION ( 'NONE',  ( -1.000000000000000000, -0.000000000000000000, -0.000000000000000000 ) ) ;
#1774 = CARTESIAN_POINT ( 'NONE',  ( 0.000000000000000000, 2.000000000000000000, -40.00000000000000000 ) ) ;
#1775 = EDGE_LOOP ( 'NONE', ( #1896, #304, #1958, #114 ) ) ;
#1776 = CARTESIAN_POINT ( 'NONE',  ( 0.000000000000000000, -0.7390083445627211312, 1.280000000000001137 ) ) ;
#1777 = EDGE_CURVE ( 'NONE', #1699, #863, #1361, .T. ) ;
#1778 = ORIENTED_EDGE ( 'NONE', *, *, #1329, .F. ) ;
#1779 = DIRECTION ( 'NONE',  ( 0.5000000000000001110, -0.8660254037844385966, 0.000000000000000000 ) ) ;
#1780 = CARTESIAN_POINT ( 'NONE',  ( -2.750000000000000000, 1.587713240271470871, -1.800000000000000044 ) ) ;
#1781 = ADVANCED_FACE ( 'NONE', ( #2659 ), #1108, .T. ) ;
#1782 = AXIS2_PLACEMENT_3D ( 'NONE', #2540, #2467, #467 ) ;
#1783 = LINE ( 'NONE', #2313, #3003 ) ;
#1784 = CONICAL_SURFACE ( 'NONE', #2205, 2.750000000000000000, 1.047197551196595633 ) ;
#1785 = FACE_OUTER_BOUND ( 'NONE', #338, .T. ) ;
#1786 = ITEM_DEFINED_TRANSFORMATION ( 'NONE', 'NONE', #2662,  #2670 ) ;
#1787 = VERTEX_POINT ( 'NONE', #2392 ) ;
#1788 = CARTESIAN_POINT ( 'NONE',  ( -1.375000000000001776, -2.381569860407205308, 0.000000000000000000 ) ) ;
#1789 = APPLICATION_CONTEXT ( 'automotive_design' ) ;
#1790 =( LENGTH_UNIT ( ) NAMED_UNIT ( * ) SI_UNIT ( .MILLI., .METRE. ) );
#1791 = ORIENTED_EDGE ( 'NONE', *, *, #1000, .T. ) ;
#1792 = DIRECTION ( 'NONE',  ( 0.000000000000000000, -0.5000000000000011102, -0.8660254037844379305 ) ) ;
#1793 = ORIENTED_EDGE ( 'NONE', *, *, #903, .F. ) ;
#1794 = VERTEX_POINT ( 'NONE', #1899 ) ;
#1795 =( NAMED_UNIT ( * ) SI_UNIT ( $, .STERADIAN. ) SOLID_ANGLE_UNIT ( ) );
#1796 = CARTESIAN_POINT ( 'NONE',  ( 40.00000000000000000, 2.000000000000000000, -1.750000000000005329 ) ) ;
#1797 = EDGE_CURVE ( 'NONE', #2473, #2166, #3116, .T. ) ;
#1798 = CARTESIAN_POINT ( 'NONE',  ( 3.683760141804401487E-15, 0.000000000000000000, 38.25000000000000711 ) ) ;
#1799 = CONTEXT_DEPENDENT_SHAPE_REPRESENTATION ( #2908, #1605 ) ;
#1800 = B_SPLINE_CURVE_WITH_KNOTS ( 'NONE', 3,
 ( #2753, #2542, #1279, #1478, #2489, #1231 ),
 .UNSPECIFIED., .F., .F.,
 ( 4, 2, 4 ),
 ( 0.004438889715320065883, 0.005242467187915805099, 0.006046044660511543448 ),
 .UNSPECIFIED. ) ;
#1801 = VERTEX_POINT ( 'NONE', #628 ) ;
#1802 = DIRECTION ( 'NONE',  ( 0.000000000000000000, 0.000000000000000000, -1.000000000000000000 ) ) ;
#1803 = ADVANCED_FACE ( 'NONE', ( #1123 ), #1784, .T. ) ;
#1804 = CARTESIAN_POINT ( 'NONE',  ( 0.000000000000000000, 20.00000000000000000, 0.000000000000000000 ) ) ;
#1805 = ORIENTED_EDGE ( 'NONE', *, *, #2121, .T. ) ;
#1806 = FACE_OUTER_BOUND ( 'NONE', #1868, .T. ) ;
#1807 = ORIENTED_EDGE ( 'NONE', *, *, #2290, .F. ) ;
#1808 = B_SPLINE_CURVE_WITH_KNOTS ( 'NONE', 3,
 ( #2926, #1698, #1637, #2433, #1407, #2946 ),
 .UNSPECIFIED., .F., .F.,
 ( 4, 2, 4 ),
 ( 0.001606744326298686649, 0.002406996759593249199, 0.003207249192887812184 ),
 .UNSPECIFIED. ) ;
#1809 = ORIENTED_EDGE ( 'NONE', *, *, #709, .T. ) ;
#1810 =( LENGTH_UNIT ( ) NAMED_UNIT ( * ) SI_UNIT ( .MILLI., .METRE. ) );
#1811 = SURFACE_STYLE_USAGE ( .BOTH. , #3072 ) ;
#1812 = AXIS2_PLACEMENT_3D ( 'NONE', #933, #487, #1932 ) ;
#1813 = FACE_OUTER_BOUND ( 'NONE', #1440, .T. ) ;
#1814 = CONTEXT_DEPENDENT_SHAPE_REPRESENTATION ( #2614, #659 ) ;
#1815 = ORIENTED_EDGE ( 'NONE', *, *, #3093, .F. ) ;
#1816 = DIRECTION ( 'NONE',  ( -1.000000000000000000, -0.000000000000000000, -0.000000000000000000 ) ) ;
#1817 = EDGE_CURVE ( 'NONE', #2410, #1037, #2159, .T. ) ;
#1818 = AXIS2_PLACEMENT_3D ( 'NONE', #1090, #2140, #386 ) ;
#1819 = CIRCLE ( 'NONE', #3087, 2.750000000000000000 ) ;
#1820 = VECTOR ( 'NONE', #758, 1000.000000000000000 ) ;
#1821 = DIRECTION ( 'NONE',  ( 0.000000000000000000, 1.000000000000000000, 0.000000000000000000 ) ) ;
#1822 = EDGE_CURVE ( 'NONE', #2166, #2969, #915, .T. ) ;
#1823 = ORIENTED_EDGE ( 'NONE', *, *, #1329, .T. ) ;
#1824 = VECTOR ( 'NONE', #817, 1000.000000000000114 ) ;
#1825 = FACE_OUTER_BOUND ( 'NONE', #1217, .T. ) ;
#1826 = ORIENTED_EDGE ( 'NONE', *, *, #1501, .F. ) ;
#1827 = LINE ( 'NONE', #1285, #2082 ) ;
#1828 = MECHANICAL_DESIGN_GEOMETRIC_PRESENTATION_REPRESENTATION (  '', ( #1404 ), #894 ) ;
#1829 = CARTESIAN_POINT ( 'NONE',  ( 0.000000000000000000, 0.000000000000000000, -1.800000000000000044 ) ) ;
#1830 = VECTOR ( 'NONE', #656, 1000.000000000000000 ) ;
#1831 = CARTESIAN_POINT ( 'NONE',  ( 2.749999999999999112, -1.587713240271473758, -1.554379906938135658 ) ) ;
#1832 = CONTEXT_DEPENDENT_SHAPE_REPRESENTATION ( #2718, #2960 ) ;
#1833 = VERTEX_POINT ( 'NONE', #675 ) ;
#1834 = CARTESIAN_POINT ( 'NONE',  ( 0.000000000000000000, 2.000000000000000000, 0.000000000000000000 ) ) ;
#1835 = STYLED_ITEM ( 'NONE', ( #1046 ), #1751 ) ;
#1836 = PRODUCT_RELATED_PRODUCT_CATEGORY ( 'part', '', ( #504 ) ) ;
#1837 = AXIS2_PLACEMENT_3D ( 'NONE', #1127, #654, #1635 ) ;
#1838 =( LENGTH_UNIT ( ) NAMED_UNIT ( * ) SI_UNIT ( .MILLI., .METRE. ) );
#1839 = CARTESIAN_POINT ( 'NONE',  ( 0.000000000000000000, 0.000000000000000000, 0.000000000000000000 ) ) ;
#1840 = ORIENTED_EDGE ( 'NONE', *, *, #110, .F. ) ;
#1841 = EDGE_CURVE ( 'NONE', #2420, #22, #1469, .T. ) ;
#1842 = LINE ( 'NONE', #1103, #1192 ) ;
#1843 = ORIENTED_EDGE ( 'NONE', *, *, #2712, .T. ) ;
#1844 = PRODUCT_DEFINITION_CONTEXT ( 'detailed design', #2743, 'design' ) ;
#1845 = ORIENTED_EDGE ( 'NONE', *, *, #3058, .F. ) ;
#1846 = EDGE_CURVE ( 'NONE', #2550, #3148, #229, .T. ) ;
#1847 = DIRECTION ( 'NONE',  ( 0.000000000000000000, 0.000000000000000000, -1.000000000000000000 ) ) ;
#1848 = CARTESIAN_POINT ( 'NONE',  ( 0.000000000000000000, 20.00000000000000000, 0.000000000000000000 ) ) ;
#1849 = CARTESIAN_POINT ( 'NONE',  ( 3.776645829953658668E-16, -10.00000000000000000, -2.834474337496063256 ) ) ;
#1850 = DIRECTION ( 'NONE',  ( -0.000000000000000000, 1.000000000000000000, -0.000000000000000000 ) ) ;
#1851 = CARTESIAN_POINT ( 'NONE',  ( 3.469446951953614189E-15, 0.000000000000000000, 40.00000000000000000 ) ) ;
#1852 = DIRECTION ( 'NONE',  ( 0.000000000000000000, 0.000000000000000000, 1.000000000000000000 ) ) ;
#1853 = ORIENTED_EDGE ( 'NONE', *, *, #614, .F. ) ;
#1854 = FACE_OUTER_BOUND ( 'NONE', #2022, .T. ) ;
#1855 = ORIENTED_EDGE ( 'NONE', *, *, #1140, .T. ) ;
#1856 = EDGE_CURVE ( 'NONE', #407, #985, #2314, .T. ) ;
#1857 = ORIENTED_EDGE ( 'NONE', *, *, #13, .F. ) ;
#1858 = DIRECTION ( 'NONE',  ( -0.000000000000000000, 1.000000000000000000, -0.000000000000000000 ) ) ;
#1859 = CARTESIAN_POINT ( 'NONE',  ( -10.50000000000000178, 0.000000000000000000, 5.999999999999996447 ) ) ;
#1860 = ADVANCED_FACE ( 'NONE', ( #882 ), #2890, .F. ) ;
#1861 = CARTESIAN_POINT ( 'NONE',  ( 1.300000000000000044, -0.7390083445627211312, 1.280000000000001137 ) ) ;
#1862 = FACE_OUTER_BOUND ( 'NONE', #432, .T. ) ;
#1863 = CARTESIAN_POINT ( 'NONE',  ( 40.00000000000000000, 0.000000000000000000, -1.750000000000005329 ) ) ;
#1864 = DIRECTION ( 'NONE',  ( 0.000000000000000000, -0.4999999999999993339, 0.8660254037844389297 ) ) ;
#1865 = DIRECTION ( 'NONE',  ( 0.7977282303469812597, 0.6030171394806896901, -1.340447656149695889E-15 ) ) ;
#1866 = DIRECTION ( 'NONE',  ( 0.000000000000000000, 0.000000000000000000, 1.000000000000000000 ) ) ;
#1867 = AXIS2_PLACEMENT_3D ( 'NONE', #1597, #1368, #1124 ) ;
#1868 = EDGE_LOOP ( 'NONE', ( #235, #1530, #2316, #1205 ) ) ;
#1869 = UNCERTAINTY_MEASURE_WITH_UNIT (LENGTH_MEASURE( 1.000000000000000082E-05 ), #2621, 'distance_accuracy_value', 'NONE');
#1870 = CARTESIAN_POINT ( 'NONE',  ( 2.449293598294706414E-16, 20.00000000000000000, 2.000000000000000000 ) ) ;
#1871 = AXIS2_PLACEMENT_3D ( 'NONE', #1949, #2727, #258 ) ;
#1872 = CARTESIAN_POINT ( 'NONE',  ( 0.000000000000000000, 0.000000000000000000, -1.774599999999997735 ) ) ;
#1873 = ORIENTED_EDGE ( 'NONE', *, *, #2348, .T. ) ;
#1874 = EDGE_LOOP ( 'NONE', ( #1745, #1230, #2739, #2529 ) ) ;
#1875 = PRODUCT_RELATED_PRODUCT_CATEGORY ( 'part', '', ( #2110 ) ) ;
#1876 = AXIS2_PLACEMENT_3D ( 'NONE', #1606, #87, #2372 ) ;
#1877 = CARTESIAN_POINT ( 'NONE',  ( 0.000000000000000000, 0.000000000000000000, 0.000000000000000000 ) ) ;
#1878 = DIRECTION ( 'NONE',  ( -0.000000000000000000, -0.000000000000000000, 1.000000000000000000 ) ) ;
#1879 = ADVANCED_FACE ( 'NONE', ( #648 ), #1209, .F. ) ;
#1880 = FACE_OUTER_BOUND ( 'NONE', #2189, .T. ) ;
#1881 =( GEOMETRIC_REPRESENTATION_CONTEXT ( 3 ) GLOBAL_UNCERTAINTY_ASSIGNED_CONTEXT ( ( #1974 ) ) GLOBAL_UNIT_ASSIGNED_CONTEXT ( ( #2202, #1390, #1460 ) ) REPRESENTATION_CONTEXT ( 'NONE', 'WORKASPACE' ) );
#1882 = CARTESIAN_POINT ( 'NONE',  ( 0.000000000000000000, 0.000000000000000000, 0.000000000000000000 ) ) ;
#1883 = CONTEXT_DEPENDENT_SHAPE_REPRESENTATION ( #1034, #3162 ) ;
#1884 = DIRECTION ( 'NONE',  ( 0.000000000000000000, -1.224646799147353207E-16, 1.000000000000000000 ) ) ;
#1885 = VECTOR ( 'NONE', #2165, 1000.000000000000000 ) ;
#1886 = EDGE_CURVE ( 'NONE', #477, #853, #927, .T. ) ;
#1887 = FACE_OUTER_BOUND ( 'NONE', #662, .T. ) ;
#1888 = CARTESIAN_POINT ( 'NONE',  ( 6.535757763068673274E-14, -40.00000000000000000, 8.673617379884091678E-16 ) ) ;
#1889 = DIRECTION ( 'NONE',  ( 1.000000000000000000, -0.000000000000000000, 1.224646799147353207E-16 ) ) ;
#1890 = AXIS2_PLACEMENT_3D ( 'NONE', #1002, #2765, #313 ) ;
#1891 = VERTEX_POINT ( 'NONE', #2209 ) ;
#1892 = AXIS2_PLACEMENT_3D ( 'NONE', #1367, #2425, #184 ) ;
#1893 = DIRECTION ( 'NONE',  ( 0.000000000000000000, -0.000000000000000000, 1.000000000000000000 ) ) ;
#1894 = ORIENTED_EDGE ( 'NONE', *, *, #2492, .F. ) ;
#1895 = VECTOR ( 'NONE', #1864, 1000.000000000000114 ) ;
#1896 = ORIENTED_EDGE ( 'NONE', *, *, #254, .F. ) ;
#1897 = LINE ( 'NONE', #663, #2932 ) ;
#1898 = ORIENTED_EDGE ( 'NONE', *, *, #879, .F. ) ;
#1899 = CARTESIAN_POINT ( 'NONE',  ( -40.00000000000000000, 0.000000000000000000, -1.750000000000006883 ) ) ;
#1900 = LINE ( 'NONE', #2378, #101 ) ;
#1901 = DIRECTION ( 'NONE',  ( 0.000000000000000000, 0.000000000000000000, -1.000000000000000000 ) ) ;
#1902 = ADVANCED_FACE ( 'NONE', ( #1760 ), #2495, .T. ) ;
#1903 = CARTESIAN_POINT ( 'NONE',  ( 1.841465337348298981, 2.112255972321536390, -1.776480395431939918 ) ) ;
#1904 =( LENGTH_UNIT ( ) NAMED_UNIT ( * ) SI_UNIT ( .MILLI., .METRE. ) );
#1905 = FACE_OUTER_BOUND ( 'NONE', #1572, .T. ) ;
#1906 = EDGE_CURVE ( 'NONE', #1037, #2117, #1105, .T. ) ;
#1907 = ORIENTED_EDGE ( 'NONE', *, *, #1239, .F. ) ;
#1908 = SURFACE_SIDE_STYLE ('',( #912 ) ) ;
#1909 = VERTEX_POINT ( 'NONE', #2510 ) ;
#1910 = EDGE_LOOP ( 'NONE', ( #1607, #1303, #2812 ) ) ;
#1911 = DIRECTION ( 'NONE',  ( 1.000000000000000000, 0.000000000000000000, 0.000000000000000000 ) ) ;
#1912 = DIRECTION ( 'NONE',  ( -1.000000000000000000, -0.000000000000000000, -0.000000000000000000 ) ) ;
#1913 = ADVANCED_FACE ( 'NONE', ( #3193 ), #994, .T. ) ;
#1914 = CARTESIAN_POINT ( 'NONE',  ( 2.299387885565523870, 1.847874265840320218, -1.690910569535892805 ) ) ;
#1915 = PLANE ( 'NONE',  #2311 ) ;
#1916 = ORIENTED_EDGE ( 'NONE', *, *, #2797, .F. ) ;
#1917 = EDGE_CURVE ( 'NONE', #27, #1016, #2053, .T. ) ;
#1918 = VECTOR ( 'NONE', #204, 1000.000000000000000 ) ;
#1919 = CARTESIAN_POINT ( 'NONE',  ( 0.000000000000000000, 0.000000000000000000, -40.00000000000000000 ) ) ;
#1920 = ORIENTED_EDGE ( 'NONE', *, *, #448, .F. ) ;
#1921 = ORIENTED_EDGE ( 'NONE', *, *, #1917, .T. ) ;
#1922 = B_SPLINE_CURVE_WITH_KNOTS ( 'NONE', 3,
 ( #1665, #1619, #441, #2650, #2174, #3179 ),
 .UNSPECIFIED., .F., .F.,
 ( 4, 2, 4 ),
 ( 0.004438889715320065883, 0.005242467187915803364, 0.006046044660511541713 ),
 .UNSPECIFIED. ) ;
#1923 = AXIS2_PLACEMENT_3D ( 'NONE', #1228, #2784, #2228 ) ;
#1924 = AXIS2_PLACEMENT_3D ( 'NONE', #501, #1712, #1984 ) ;
#1925 = ORIENTED_EDGE ( 'NONE', *, *, #110, .T. ) ;
#1926 =( GEOMETRIC_REPRESENTATION_CONTEXT ( 3 ) GLOBAL_UNCERTAINTY_ASSIGNED_CONTEXT ( ( #1222 ) ) GLOBAL_UNIT_ASSIGNED_CONTEXT ( ( #348, #2319, #2588 ) ) REPRESENTATION_CONTEXT ( 'NONE', 'WORKASPACE' ) );
#1927 = DIRECTION ( 'NONE',  ( 0.000000000000000000, 1.000000000000000000, 0.000000000000000000 ) ) ;
#1928 = PRODUCT_DEFINITION_SHAPE ( 'NONE', 'NONE',  #3232 ) ;
#1929 = CIRCLE ( 'NONE', #3140, 0.1000000000000000472 ) ;
#1930 = LINE ( 'NONE', #2940, #526 ) ;
#1931 = CARTESIAN_POINT ( 'NONE',  ( -40.00000000000000000, 2.000000000000000000, -3.469446951953614189E-15 ) ) ;
#1932 = DIRECTION ( 'NONE',  ( 0.000000000000000000, 0.000000000000000000, 1.000000000000000000 ) ) ;
#1933 = DIRECTION ( 'NONE',  ( -0.1603678234820549997, 0.9870573241669545750, 2.750507829764012946E-16 ) ) ;
#1934 = CARTESIAN_POINT ( 'NONE',  ( 2.750000000000000000, 1.587713240271473092, -0.2456200930618641920 ) ) ;
#1935 = VECTOR ( 'NONE', #2320, 1000.000000000000000 ) ;
#1936 = ORIENTED_EDGE ( 'NONE', *, *, #393, .T. ) ;
#1937 = PRODUCT_DEFINITION ( 'UNKNOWN', '', #1082, #1609 ) ;
#1938 = VECTOR ( 'NONE', #450, 1000.000000000000000 ) ;
#1939 = CARTESIAN_POINT ( 'NONE',  ( 3.000000000000002665, 0.000000000000000000, 0.000000000000000000 ) ) ;
#1940 = ORIENTED_EDGE ( 'NONE', *, *, #2412, .T. ) ;
#1941 = ORIENTED_EDGE ( 'NONE', *, *, #2163, .T. ) ;
#1942 = ADVANCED_FACE ( 'NONE', ( #1962 ), #221, .F. ) ;
#1943 = AXIS2_PLACEMENT_3D ( 'NONE', #3215, #484, #1258 ) ;
#1944 = DIRECTION ( 'NONE',  ( 1.000000000000000000, 0.000000000000000000, 0.000000000000000000 ) ) ;
#1945 = AXIS2_PLACEMENT_3D ( 'NONE', #2635, #1405, #1647 ) ;
#1946 = CARTESIAN_POINT ( 'NONE',  ( 3.683760141804400698E-15, 0.000000000000000000, 38.25000000000000711 ) ) ;
#1947 = ORIENTED_EDGE ( 'NONE', *, *, #2047, .T. ) ;
#1948 = ADVANCED_FACE ( 'NONE', ( #2261 ), #2724, .F. ) ;
#1949 = CARTESIAN_POINT ( 'NONE',  ( 0.1499999999999973577, 0.000000000000000000, 0.000000000000000000 ) ) ;
#1950 = CARTESIAN_POINT ( 'NONE',  ( 0.000000000000000000, 0.000000000000000000, -40.00000000000000000 ) ) ;
#1951 = CARTESIAN_POINT ( 'NONE',  ( 1.300000000000000044, -0.7390083445627211312, 1.280000000000001137 ) ) ;
#1952 = PRODUCT_CONTEXT ( 'NONE', #456, 'mechanical' ) ;
#1953 = CARTESIAN_POINT ( 'NONE',  ( 3.469446951953614189E-15, 0.000000000000000000, 41.74999999999999289 ) ) ;
#1954 = ORIENTED_EDGE ( 'NONE', *, *, #2492, .T. ) ;
#1955 = DIRECTION ( 'NONE',  ( -0.000000000000000000, -1.000000000000000000, -0.000000000000000000 ) ) ;
#1956 = SURFACE_STYLE_FILL_AREA ( #1412 ) ;
#1957 = VERTEX_POINT ( 'NONE', #2016 ) ;
#1958 = ORIENTED_EDGE ( 'NONE', *, *, #2098, .T. ) ;
#1959 = CARTESIAN_POINT ( 'NONE',  ( 3.469446951953614189E-15, 0.000000000000000000, 40.00000000000000000 ) ) ;
#1960 = ADVANCED_FACE ( 'NONE', ( #479 ), #1009, .T. ) ;
#1961 = ORIENTED_EDGE ( 'NONE', *, *, #341, .T. ) ;
#1962 = FACE_OUTER_BOUND ( 'NONE', #2289, .T. ) ;
#1963 = EDGE_LOOP ( 'NONE', ( #1247, #2775, #743, #2325 ) ) ;
#1964 = CARTESIAN_POINT ( 'NONE',  ( -1.500000000000000000, 1.836970198721029934E-16, -25.03750572909317285 ) ) ;
#1965 = EDGE_CURVE ( 'NONE', #1672, #218, #1483, .T. ) ;
#1966 = CARTESIAN_POINT ( 'NONE',  ( 5.510910596163087978E-15, 2.000000000000000000, 44.99999999999999289 ) ) ;
#1967 = CARTESIAN_POINT ( 'NONE',  ( 2.750000000000000000, 1.587713240271473092, -1.554379906938135658 ) ) ;
#1968 = PRODUCT_CONTEXT ( 'NONE', #1789, 'mechanical' ) ;
#1969 = CARTESIAN_POINT ( 'NONE',  ( -1.141614847838142266, 2.516314840832717170, 1.219727444046192094E-15 ) ) ;
#1970 = ORIENTED_EDGE ( 'NONE', *, *, #2712, .F. ) ;
#1971 = DIRECTION ( 'NONE',  ( 0.000000000000000000, 0.000000000000000000, 1.000000000000000000 ) ) ;
#1972 = FILL_AREA_STYLE ('',( #49 ) ) ;
#1973 = VERTEX_POINT ( 'NONE', #746 ) ;
#1974 = UNCERTAINTY_MEASURE_WITH_UNIT (LENGTH_MEASURE( 1.000000000000000082E-05 ), #2202, 'distance_accuracy_value', 'NONE');
#1975 = AXIS2_PLACEMENT_3D ( 'NONE', #1061, #2033, #3074 ) ;
#1976 = DIRECTION ( 'NONE',  ( 0.000000000000000000, 0.000000000000000000, 1.000000000000000000 ) ) ;
#1977 = ORIENTED_EDGE ( 'NONE', *, *, #2386, .F. ) ;
#1978 = DIRECTION ( 'NONE',  ( 1.000000000000000000, 0.000000000000000000, 0.000000000000000000 ) ) ;
#1979 = EDGE_LOOP ( 'NONE', ( #2755, #2574 ) ) ;
#1980 = CIRCLE ( 'NONE', #2401, 2.000000000000000000 ) ;
#1981 = ORIENTED_EDGE ( 'NONE', *, *, #2497, .T. ) ;
#1982 = AXIS2_PLACEMENT_3D ( 'NONE', #2777, #1533, #1517 ) ;
#1983 = AXIS2_PLACEMENT_3D ( 'NONE', #646, #2375, #1107 ) ;
#1984 = DIRECTION ( 'NONE',  ( 0.000000000000000000, 1.000000000000000000, -1.320393690296332119E-15 ) ) ;
#1985 = DIRECTION ( 'NONE',  ( -0.000000000000000000, 1.000000000000000000, -0.000000000000000000 ) ) ;
#1986 = AXIS2_PLACEMENT_3D ( 'NONE', #2056, #2276, #39 ) ;
#1987 = CONICAL_SURFACE ( 'NONE', #2880, 2.750000000000000000, 1.047197551196595633 ) ;
#1988 = EDGE_CURVE ( 'NONE', #2071, #1702, #960, .T. ) ;
#1989 = CARTESIAN_POINT ( 'NONE',  ( 2.750000000000000444, -1.065007702645622167, -0.1085530452847072586 ) ) ;
#1990 = APPLICATION_PROTOCOL_DEFINITION ( 'draft international standard', 'automotive_design', 1998, #1789 ) ;
#1991 = CARTESIAN_POINT ( 'NONE',  ( -6.259644161404842280E-16, -3.175426480542945296, -1.800000000000000044 ) ) ;
#1992 = ORIENTED_EDGE ( 'NONE', *, *, #2797, .T. ) ;
#1993 = ADVANCED_FACE ( 'NONE', ( #1690 ), #1443, .F. ) ;
#1994 = DIRECTION ( 'NONE',  ( 0.000000000000000000, -0.000000000000000000, 1.000000000000000000 ) ) ;
#1995 = CIRCLE ( 'NONE', #2147, 1.749999999999994671 ) ;
#1996 = EDGE_LOOP ( 'NONE', ( #1925, #2154, #2686, #143 ) ) ;
#1997 = AXIS2_PLACEMENT_3D ( 'NONE', #800, #733, #285 ) ;
#1998 = CARTESIAN_POINT ( 'NONE',  ( 0.000000000000000000, 2.000000000000000000, 0.000000000000000000 ) ) ;
#1999 = EDGE_LOOP ( 'NONE', ( #592, #1081 ) ) ;
#2000 = CARTESIAN_POINT ( 'NONE',  ( 0.000000000000000000, 2.000000000000000000, 0.000000000000000000 ) ) ;
#2001 = AXIS2_PLACEMENT_3D ( 'NONE', #3024, #1985, #3197 ) ;
#2002 = EDGE_LOOP ( 'NONE', ( #1691, #2243, #3194 ) ) ;
#2003 = AXIS2_PLACEMENT_3D ( 'NONE', #637, #3139, #919 ) ;
#2004 = LINE ( 'NONE', #3009, #1556 ) ;
#2005 = CARTESIAN_POINT ( 'NONE',  ( -2.750000000000000000, -1.587713240271471760, -1.800000000000000044 ) ) ;
#2006 = CARTESIAN_POINT ( 'NONE',  ( 40.00000000000000000, 0.000000000000000000, -1.750000000000005329 ) ) ;
#2007 = DIRECTION ( 'NONE',  ( -1.000000000000000222, -1.826146801905398939E-15, 1.715124499442883285E-15 ) ) ;
#2008 = LINE ( 'NONE', #263, #14 ) ;
#2009 = ADVANCED_FACE ( 'NONE', ( #764 ), #1527, .F. ) ;
#2010 = LINE ( 'NONE', #3001, #1820 ) ;
#2011 = CARTESIAN_POINT ( 'NONE',  ( 0.000000000000000000, 19.49999999999999289, -4.000000000000000000 ) ) ;
#2012 = EDGE_CURVE ( 'NONE', #2420, #1220, #2187, .T. ) ;
#2013 = ORIENTED_EDGE ( 'NONE', *, *, #1554, .F. ) ;
#2014 = CARTESIAN_POINT ( 'NONE',  ( 0.000000000000000000, 20.00000000000000000, 0.000000000000000000 ) ) ;
#2015 = ORIENTED_EDGE ( 'NONE', *, *, #831, .F. ) ;
#2016 = CARTESIAN_POINT ( 'NONE',  ( 0.000000000000000000, 2.000000000000000000, -38.25000000000000000 ) ) ;
#2017 = EDGE_LOOP ( 'NONE', ( #2088, #690, #607 ) ) ;
#2018 = CARTESIAN_POINT ( 'NONE',  ( 0.000000000000000000, 0.000000000000000000, 0.000000000000000000 ) ) ;
#2019 = DIRECTION ( 'NONE',  ( 0.000000000000000000, 0.000000000000000000, 1.000000000000000000 ) ) ;
#2020 = CARTESIAN_POINT ( 'NONE',  ( 0.000000000000000000, 20.00000000000000000, -2.000000000000000000 ) ) ;
#2021 = APPLICATION_PROTOCOL_DEFINITION ( 'draft international standard', 'automotive_design', 1998, #1338 ) ;
#2022 = EDGE_LOOP ( 'NONE', ( #134, #2605, #3189, #2804 ) ) ;
#2023 = CARTESIAN_POINT ( 'NONE',  ( -10.50000000000000178, 2.000000000000000000, -6.000000000000003553 ) ) ;
#2024 = CARTESIAN_POINT ( 'NONE',  ( 0.1499999999999973577, 0.000000000000000000, 2.599999999999999201 ) ) ;
#2025 =( NAMED_UNIT ( * ) SI_UNIT ( $, .STERADIAN. ) SOLID_ANGLE_UNIT ( ) );
#2026 = VERTEX_POINT ( 'NONE', #2971 ) ;
#2027 = EDGE_CURVE ( 'NONE', #97, #346, #1236, .T. ) ;
#2028 = CARTESIAN_POINT ( 'NONE',  ( -4.987329993433320396E-15, -3.175426480542942631, -0.2456200930618641920 ) ) ;
#2029 = ORIENTED_EDGE ( 'NONE', *, *, #2141, .F. ) ;
#2030 = DIRECTION ( 'NONE',  ( 8.542704229054949338E-18, 0.9975640502598241977, -0.06975647374412534407 ) ) ;
#2031 = EDGE_LOOP ( 'NONE', ( #2626, #772, #1198 ) ) ;
#2032 = FACE_BOUND ( 'NONE', #2230, .T. ) ;
#2033 = DIRECTION ( 'NONE',  ( -0.000000000000000000, 1.000000000000000000, -0.000000000000000000 ) ) ;
#2034 = ORIENTED_EDGE ( 'NONE', *, *, #1677, .T. ) ;
#2035 = CARTESIAN_POINT ( 'NONE',  ( 3.469446951953614189E-15, 0.000000000000000000, 41.74999999999999289 ) ) ;
#2036 = AXIS2_PLACEMENT_3D ( 'NONE', #138, #2207, #460 ) ;
#2037 = AXIS2_PLACEMENT_3D ( 'NONE', #1877, #1612, #3147 ) ;
#2038 = AXIS2_PLACEMENT_3D ( 'NONE', #497, #1481, #2493 ) ;
#2039 = SHAPE_REPRESENTATION_RELATIONSHIP ( 'NONE' , 'NONE' ,  #1710, #1169 ) ;
#2040 = ORIENTED_EDGE ( 'NONE', *, *, #903, .T. ) ;
#2041 = FACE_OUTER_BOUND ( 'NONE', #381, .T. ) ;
#2042 = VERTEX_POINT ( 'NONE', #499 ) ;
#2043 = EDGE_CURVE ( 'NONE', #257, #2106, #1746, .T. ) ;
#2044 =( REPRESENTATION_RELATIONSHIP ('NONE','NONE', #1394, #1710 ) REPRESENTATION_RELATIONSHIP_WITH_TRANSFORMATION ( #2803 )SHAPE_REPRESENTATION_RELATIONSHIP( ) );
#2045 = CARTESIAN_POINT ( 'NONE',  ( 0.000000000000000000, 0.000000000000000000, -0.1750518845524290101 ) ) ;
#2046 = AXIS2_PLACEMENT_3D ( 'NONE', #2846, #124, #1598 ) ;
#2047 = EDGE_CURVE ( 'NONE', #757, #1149, #2773, .T. ) ;
#2048 = CIRCLE ( 'NONE', #1415, 3.999999999999999112 ) ;
#2049 = DIRECTION ( 'NONE',  ( 0.000000000000000000, 0.000000000000000000, 1.000000000000000000 ) ) ;
#2050 = CONTEXT_DEPENDENT_SHAPE_REPRESENTATION ( #2442, #2459 ) ;
#2051 = ORIENTED_EDGE ( 'NONE', *, *, #2104, .T. ) ;
#2052 = CARTESIAN_POINT ( 'NONE',  ( -1.375000000000000888, 2.381569860407206196, -1.800000000000000044 ) ) ;
#2053 = CIRCLE ( 'NONE', #2900, 1.500000000000000888 ) ;
#2054 = CARTESIAN_POINT ( 'NONE',  ( 1.300000000000000044, 0.7390083445627172454, -1.280000000000001137 ) ) ;
#2055 = ORIENTED_EDGE ( 'NONE', *, *, #1714, .F. ) ;
#2056 = CARTESIAN_POINT ( 'NONE',  ( 0.000000000000000000, 0.000000000000000000, -40.00000000000000000 ) ) ;
#2057 = ORIENTED_EDGE ( 'NONE', *, *, #755, .F. ) ;
#2058 = ORIENTED_EDGE ( 'NONE', *, *, #1906, .T. ) ;
#2059 = EDGE_CURVE ( 'NONE', #1016, #27, #1055, .T. ) ;
#2060 = DIRECTION ( 'NONE',  ( -0.8191520442889937970, 0.000000000000000000, -0.5735764363510431618 ) ) ;
#2061 = FILL_AREA_STYLE ('',( #2295 ) ) ;
#2062 = ADVANCED_FACE ( 'NONE', ( #41 ), #3036, .F. ) ;
#2063 = DIRECTION ( 'NONE',  ( 0.000000000000000000, 0.000000000000000000, 1.000000000000000000 ) ) ;
#2064 = ITEM_DEFINED_TRANSFORMATION ( 'NONE', 'NONE', #3186,  #2670 ) ;
#2065 = ORIENTED_EDGE ( 'NONE', *, *, #2732, .T. ) ;
#2066 = PLANE ( 'NONE',  #2360 ) ;
#2067 = CARTESIAN_POINT ( 'NONE',  ( 0.000000000000000000, 0.000000000000000000, 0.000000000000000000 ) ) ;
#2068 = ORIENTED_EDGE ( 'NONE', *, *, #653, .T. ) ;
#2069 = SHAPE_REPRESENTATION ( 'hex thin nut chamfered gradeab_iso_ISO - 4035 - M3 - N', ( #2670 ), #739 ) ;
#2070 = LINE ( 'NONE', #3081, #1455 ) ;
#2071 = VERTEX_POINT ( 'NONE', #292 ) ;
#2072 = DIRECTION ( 'NONE',  ( -0.000000000000000000, 1.000000000000000000, -0.000000000000000000 ) ) ;
#2073 = CARTESIAN_POINT ( 'NONE',  ( -1.841465337348299869, -2.112255972321537278, -0.02351960456806132665 ) ) ;
#2074 = CARTESIAN_POINT ( 'NONE',  ( 2.143131898507868544E-16, 0.000000000000000000, -41.75000000000000000 ) ) ;
#2075 = DIRECTION ( 'NONE',  ( -0.000000000000000000, 1.000000000000000000, -0.000000000000000000 ) ) ;
#2076 = CONTEXT_DEPENDENT_SHAPE_REPRESENTATION ( #2279, #1141 ) ;
#2077 = EDGE_LOOP ( 'NONE', ( #1378, #397, #1269, #2672 ) ) ;
#2078 = CYLINDRICAL_SURFACE ( 'NONE', #2527, 1.749999999999994671 ) ;
#2079 = EDGE_CURVE ( 'NONE', #1512, #736, #1472, .T. ) ;
#2080 = CARTESIAN_POINT ( 'NONE',  ( 1.300000000000000044, 1.478016689125441596, -2.059984127722458425E-15 ) ) ;
#2081 = VECTOR ( 'NONE', #277, 1000.000000000000000 ) ;
#2082 = VECTOR ( 'NONE', #1581, 1000.000000000000000 ) ;
#2083 = DIRECTION ( 'NONE',  ( 0.000000000000000000, 1.000000000000000000, 0.000000000000000000 ) ) ;
#2084 = EDGE_CURVE ( 'NONE', #803, #1067, #2150, .T. ) ;
#2085 = EDGE_LOOP ( 'NONE', ( #209, #2424 ) ) ;
#2086 = CIRCLE ( 'NONE', #1089, 44.99999999999999289 ) ;
#2087 = CARTESIAN_POINT ( 'NONE',  ( -2.750000000000000000, 1.587713240271473092, -1.554379906938135658 ) ) ;
#2088 = ORIENTED_EDGE ( 'NONE', *, *, #2405, .T. ) ;
#2089 = PRESENTATION_LAYER_ASSIGNMENT (  '', '', ( #2570 ) ) ;
#2090 = FACE_OUTER_BOUND ( 'NONE', #2623, .T. ) ;
#2091 = CARTESIAN_POINT ( 'NONE',  ( 1.299999999999999156, 0.000000000000000000, 0.000000000000000000 ) ) ;
#2092 = CARTESIAN_POINT ( 'NONE',  ( 2.143131898507866818E-16, 2.000000000000000000, -41.75000000000000000 ) ) ;
#2093 = CIRCLE ( 'NONE', #2835, 4.000000000000000000 ) ;
#2094 = CONICAL_SURFACE ( 'NONE', #695, 1.500000000000000000, 0.9599310885968848073 ) ;
#2095 = FACE_OUTER_BOUND ( 'NONE', #1213, .T. ) ;
#2096 = DIRECTION ( 'NONE',  ( 0.000000000000000000, 0.000000000000000000, 1.000000000000000000 ) ) ;
#2097 = CIRCLE ( 'NONE', #2897, 1.749999999999994671 ) ;
#2098 = EDGE_CURVE ( 'NONE', #27, #2544, #232, .T. ) ;
#2099 = VECTOR ( 'NONE', #3021, 1000.000000000000000 ) ;
#2100 =( LENGTH_UNIT ( ) NAMED_UNIT ( * ) SI_UNIT ( .MILLI., .METRE. ) );
#2101 = DIRECTION ( 'NONE',  ( 0.000000000000000000, -0.5000000000000019984, -0.8660254037844375974 ) ) ;
#2102 = ORIENTED_EDGE ( 'NONE', *, *, #18, .F. ) ;
#2103 = APPLICATION_CONTEXT ( 'automotive_design' ) ;
#2104 = EDGE_CURVE ( 'NONE', #862, #3148, #2397, .T. ) ;
#2105 = CARTESIAN_POINT ( 'NONE',  ( 2.749999999999999112, -1.587713240271473758, -0.2456200930618641920 ) ) ;
#2106 = VERTEX_POINT ( 'NONE', #425 ) ;
#2107 = ORIENTED_EDGE ( 'NONE', *, *, #2914, .T. ) ;
#2108 = DIRECTION ( 'NONE',  ( 0.000000000000000000, 0.000000000000000000, -1.000000000000000000 ) ) ;
#2109 = DIRECTION ( 'NONE',  ( 0.000000000000000000, 1.000000000000000000, 0.000000000000000000 ) ) ;
#2110 = PRODUCT ( 'Leg', 'Leg', '', ( #1952 ) ) ;
#2111 = DIRECTION ( 'NONE',  ( 0.000000000000000000, 1.000000000000000000, 0.000000000000000000 ) ) ;
#2112 = DIRECTION ( 'NONE',  ( -0.000000000000000000, -0.000000000000000000, 1.000000000000000000 ) ) ;
#2113 = CARTESIAN_POINT ( 'NONE',  ( 3.000000000000006217, 1.959434878635766216E-16, 1.600000000000000977 ) ) ;
#2114 = CYLINDRICAL_SURFACE ( 'NONE', #2478, 1.749999999999994671 ) ;
#2115 = DIRECTION ( 'NONE',  ( 0.9820818503191360849, 0.1884548733085508188, -1.684392641940549175E-15 ) ) ;
#2116 = DIRECTION ( 'NONE',  ( 0.000000000000000000, 0.000000000000000000, 1.000000000000000000 ) ) ;
#2117 = VERTEX_POINT ( 'NONE', #126 ) ;
#2118 = LINE ( 'NONE', #2577, #6 ) ;
#2119 = VERTEX_POINT ( 'NONE', #1423 ) ;
#2120 = ORIENTED_EDGE ( 'NONE', *, *, #2555, .T. ) ;
#2121 = EDGE_CURVE ( 'NONE', #444, #712, #1531, .T. ) ;
#2122 = APPLICATION_CONTEXT ( 'automotive_design' ) ;
#2123 = CARTESIAN_POINT ( 'NONE',  ( 33.00000000000000000, 1.219500000000000028, 0.000000000000000000 ) ) ;
#2124 = DIRECTION ( 'NONE',  ( 1.000000000000000000, 0.000000000000000000, 0.000000000000000000 ) ) ;
#2125 = EDGE_CURVE ( 'NONE', #1684, #803, #394, .T. ) ;
#2126 = LINE ( 'NONE', #1401, #420 ) ;
#2127 = DIRECTION ( 'NONE',  ( 0.000000000000000000, 1.000000000000000000, 0.000000000000000000 ) ) ;
#2128 = DIRECTION ( 'NONE',  ( 0.000000000000000000, 0.000000000000000000, 1.000000000000000000 ) ) ;
#2129 = CARTESIAN_POINT ( 'NONE',  ( 1.375000000000000000, -2.381569860407206196, 0.000000000000000000 ) ) ;
#2130 = CARTESIAN_POINT ( 'NONE',  ( -6.864417793078315141E-14, 39.99999999999999289, 2.000000000000003553 ) ) ;
#2131 = CARTESIAN_POINT ( 'NONE',  ( -2.750000000000000000, -0.5348566131067985507, -0.02306174136865328864 ) ) ;
#2132 = AXIS2_PLACEMENT_3D ( 'NONE', #2284, #1334, #1307 ) ;
#2133 = VERTEX_POINT ( 'NONE', #2431 ) ;
#2134 = PRODUCT_DEFINITION_SHAPE ( 'NONE', 'NONE',  #3229 ) ;
#2135 = DIRECTION ( 'NONE',  ( 1.000000000000000000, 0.000000000000000000, 0.000000000000000000 ) ) ;
#2136 = ORIENTED_EDGE ( 'NONE', *, *, #1562, .F. ) ;
#2137 = AXIS2_PLACEMENT_3D ( 'NONE', #2807, #1514, #2771 ) ;
#2138 = ORIENTED_EDGE ( 'NONE', *, *, #671, .F. ) ;
#2139 = COLOUR_RGB ( '',0.7921568627450980005, 0.8196078431372548767, 0.9333333333333333481 ) ;
#2140 = DIRECTION ( 'NONE',  ( 0.000000000000000000, 1.000000000000000000, 0.000000000000000000 ) ) ;
#2141 = EDGE_CURVE ( 'NONE', #159, #2769, #2208, .T. ) ;
#2142 = EDGE_LOOP ( 'NONE', ( #1970, #54, #1815, #910 ) ) ;
#2143 =( LENGTH_UNIT ( ) NAMED_UNIT ( * ) SI_UNIT ( .MILLI., .METRE. ) );
#2144 = CIRCLE ( 'NONE', #1664, 1.750000000000003553 ) ;
#2145 = DIRECTION ( 'NONE',  ( 1.000000000000000000, 0.000000000000000000, 0.000000000000000000 ) ) ;
#2146 = EDGE_CURVE ( 'NONE', #2920, #1588, #1418, .T. ) ;
#2147 = AXIS2_PLACEMENT_3D ( 'NONE', #1602, #2083, #1852 ) ;
#2148 = CARTESIAN_POINT ( 'NONE',  ( 0.000000000000000000, 20.00000000000000000, 0.000000000000000000 ) ) ;
#2149 = VECTOR ( 'NONE', #3156, 1000.000000000000000 ) ;
#2150 = LINE ( 'NONE', #378, #389 ) ;
#2151 = DIRECTION ( 'NONE',  ( 1.659613348211624866E-15, 5.204170427933267037E-18, 0.9999999999999998890 ) ) ;
#2152 = CARTESIAN_POINT ( 'NONE',  ( -40.00000000000000000, 0.000000000000000000, 1.750000000000000000 ) ) ;
#2153 = CIRCLE ( 'NONE', #2046, 2.749999999999999112 ) ;
#2154 = ORIENTED_EDGE ( 'NONE', *, *, #12, .T. ) ;
#2155 = AXIS2_PLACEMENT_3D ( 'NONE', #120, #403, #1644 ) ;
#2156 = FILL_AREA_STYLE_COLOUR ( '', #481 ) ;
#2157 = EDGE_LOOP ( 'NONE', ( #1941, #818, #553 ) ) ;
#2158 = ORIENTED_EDGE ( 'NONE', *, *, #2801, .F. ) ;
#2159 = LINE ( 'NONE', #866, #3202 ) ;
#2160 = ADVANCED_FACE ( 'NONE', ( #1887 ), #174, .F. ) ;
#2161 = LINE ( 'NONE', #3163, #264 ) ;
#2162 = CARTESIAN_POINT ( 'NONE',  ( 2.750000000000000888, 0.5405639250603687662, -0.02369969086895154509 ) ) ;
#2163 = EDGE_CURVE ( 'NONE', #985, #2275, #2355, .T. ) ;
#2164 = CYLINDRICAL_SURFACE ( 'NONE', #2003, 1.750000000000003553 ) ;
#2165 = DIRECTION ( 'NONE',  ( -0.000000000000000000, 1.000000000000000000, -0.000000000000000000 ) ) ;
#2166 = VERTEX_POINT ( 'NONE', #2925 ) ;
#2167 = DIRECTION ( 'NONE',  ( -1.000000000000000000, 1.776356839400250465E-15, 0.000000000000000000 ) ) ;
#2168 = VERTEX_POINT ( 'NONE', #667 ) ;
#2169 = ORIENTED_EDGE ( 'NONE', *, *, #696, .T. ) ;
#2170 = DIRECTION ( 'NONE',  ( 0.000000000000000000, 0.000000000000000000, -1.000000000000000000 ) ) ;
#2171 = CARTESIAN_POINT ( 'NONE',  ( 3.469446951953614189E-15, 0.000000000000000000, 40.00000000000000000 ) ) ;
#2172 = DIRECTION ( 'NONE',  ( 0.000000000000000000, 0.5000000000000011102, 0.8660254037844380415 ) ) ;
#2173 = ADVANCED_FACE ( 'NONE', ( #140 ), #2114, .F. ) ;
#2174 = CARTESIAN_POINT ( 'NONE',  ( -2.750000000000000000, 1.330988860919478212, -0.1715101482986571835 ) ) ;
#2175 = DIRECTION ( 'NONE',  ( 1.659613348211625064E-15, 4.510281037539983175E-17, 1.000000000000000000 ) ) ;
#2176 = CARTESIAN_POINT ( 'NONE',  ( -2.750000000000000444, -1.065007702645621723, -0.1085530452847071892 ) ) ;
#2177 = EDGE_CURVE ( 'NONE', #783, #2965, #683, .T. ) ;
#2178 = ORIENTED_EDGE ( 'NONE', *, *, #12, .F. ) ;
#2179 = AXIS2_PLACEMENT_3D ( 'NONE', #1014, #2297, #1769 ) ;
#2180 = PLANE ( 'NONE',  #2303 ) ;
#2181 = ADVANCED_FACE ( 'NONE', ( #1160 ), #2164, .F. ) ;
#2182 = EDGE_LOOP ( 'NONE', ( #1315, #3170 ) ) ;
#2183 = ORIENTED_EDGE ( 'NONE', *, *, #399, .F. ) ;
#2184 = MECHANICAL_DESIGN_GEOMETRIC_PRESENTATION_REPRESENTATION (  '', ( #577 ), #322 ) ;
#2185 = FACE_OUTER_BOUND ( 'NONE', #1148, .T. ) ;
#2186 = AXIS2_PLACEMENT_3D ( 'NONE', #453, #1373, #1436 ) ;
#2187 = LINE ( 'NONE', #1946, #2636 ) ;
#2188 = PRODUCT ( 'BASE', 'BASE', '', ( #3012 ) ) ;
#2189 = EDGE_LOOP ( 'NONE', ( #291, #2852, #588 ) ) ;
#2190 = ADVANCED_BREP_SHAPE_REPRESENTATION ( '', ( #2877, #2670 ), #739 ) ;
#2191 = AXIS2_PLACEMENT_3D ( 'NONE', #1301, #1727, #2740 ) ;
#2192 = LINE ( 'NONE', #1780, #1768 ) ;
#2193 = DIRECTION ( 'NONE',  ( 0.000000000000000000, 1.000000000000000000, 0.000000000000000000 ) ) ;
#2194 = DIRECTION ( 'NONE',  ( -0.000000000000000000, -0.000000000000000000, 1.000000000000000000 ) ) ;
#2195 = SHAPE_DEFINITION_REPRESENTATION ( #3137, #2069 ) ;
#2196 = CARTESIAN_POINT ( 'NONE',  ( 1.301042606982605321E-15, 3.175426480542942631, -1.800000000000000044 ) ) ;
#2197 = CIRCLE ( 'NONE', #483, 44.99999999999999289 ) ;
#2198 = ORIENTED_EDGE ( 'NONE', *, *, #773, .F. ) ;
#2199 = EDGE_CURVE ( 'NONE', #914, #2042, #1922, .T. ) ;
#2200 = AXIS2_PLACEMENT_3D ( 'NONE', #1143, #392, #665 ) ;
#2201 = FACE_OUTER_BOUND ( 'NONE', #1756, .T. ) ;
#2202 =( LENGTH_UNIT ( ) NAMED_UNIT ( * ) SI_UNIT ( .MILLI., .METRE. ) );
#2203 = ORIENTED_EDGE ( 'NONE', *, *, #539, .T. ) ;
#2204 = ORIENTED_EDGE ( 'NONE', *, *, #965, .T. ) ;
#2205 = AXIS2_PLACEMENT_3D ( 'NONE', #2376, #2411, #1419 ) ;
#2206 = EDGE_CURVE ( 'NONE', #2544, #1180, #23, .T. ) ;
#2207 = DIRECTION ( 'NONE',  ( 0.000000000000000000, 0.000000000000000000, -1.000000000000000000 ) ) ;
#2208 = CIRCLE ( 'NONE', #2367, 2.750000000000000000 ) ;
#2209 = CARTESIAN_POINT ( 'NONE',  ( 1.300000000000000044, 2.065682573263593693E-15, 1.280000000000000027 ) ) ;
#2210 = ORIENTED_EDGE ( 'NONE', *, *, #2400, .F. ) ;
#2211 =( REPRESENTATION_RELATIONSHIP ('NONE','NONE', #1394, #2069 ) REPRESENTATION_RELATIONSHIP_WITH_TRANSFORMATION ( #172 )SHAPE_REPRESENTATION_RELATIONSHIP( ) );
#2212 = FILL_AREA_STYLE_COLOUR ( '', #1502 ) ;
#2213 = DIRECTION ( 'NONE',  ( -1.000000000000000000, 0.000000000000000000, 0.000000000000000000 ) ) ;
#2214 = DIRECTION ( 'NONE',  ( -0.8660254037844381525, 0.5000000000000008882, 0.000000000000000000 ) ) ;
#2215 = CARTESIAN_POINT ( 'NONE',  ( 0.000000000000000000, 0.000000000000000000, -2.000000000000000000 ) ) ;
#2216 = EDGE_LOOP ( 'NONE', ( #1625, #799, #2725, #2586 ) ) ;
#2217 = CARTESIAN_POINT ( 'NONE',  ( 0.000000000000000000, 20.00000000000000000, 0.000000000000000000 ) ) ;
#2218 = PRODUCT_DEFINITION ( 'UNKNOWN', '', #834, #2480 ) ;
#2219 = ORIENTED_EDGE ( 'NONE', *, *, #2693, .F. ) ;
#2220 = CYLINDRICAL_SURFACE ( 'NONE', #1245, 1.750000000000001554 ) ;
#2221 = ORIENTED_EDGE ( 'NONE', *, *, #657, .T. ) ;
#2222 = CARTESIAN_POINT ( 'NONE',  ( -2.750000000000000000, -1.587713240271471760, -1.800000000000000044 ) ) ;
#2223 = EDGE_CURVE ( 'NONE', #428, #2769, #1294, .T. ) ;
#2224 = ORIENTED_EDGE ( 'NONE', *, *, #2012, .T. ) ;
#2225 = PRESENTATION_STYLE_ASSIGNMENT (( #1225 ) ) ;
#2226 = DIRECTION ( 'NONE',  ( 0.000000000000000000, -1.000000000000000000, 0.000000000000000000 ) ) ;
#2227 = CARTESIAN_POINT ( 'NONE',  ( 2.749999999999999556, -1.329484544808467561, -0.1710758896428265508 ) ) ;
#2228 = DIRECTION ( 'NONE',  ( -1.708185605538975662E-15, 1.000000000000000000, 6.938893903907215281E-18 ) ) ;
#2229 = CARTESIAN_POINT ( 'NONE',  ( -0.9085346626517022406, 2.650883748492876446, -0.02351960456806049746 ) ) ;
#2230 = EDGE_LOOP ( 'NONE', ( #2845, #306 ) ) ;
#2231 = DIRECTION ( 'NONE',  ( -1.000000000000000000, -0.000000000000000000, -0.000000000000000000 ) ) ;
#2232 = CARTESIAN_POINT ( 'NONE',  ( 0.000000000000000000, 0.000000000000000000, -0.1925570730076722747 ) ) ;
#2233 = ORIENTED_EDGE ( 'NONE', *, *, #2865, .T. ) ;
#2234 = AXIS2_PLACEMENT_3D ( 'NONE', #2130, #2901, #1636 ) ;
#2235 = AXIS2_PLACEMENT_3D ( 'NONE', #2584, #2783, #2549 ) ;
#2236 = DIRECTION ( 'NONE',  ( 0.000000000000000000, 1.000000000000000000, 0.000000000000000000 ) ) ;
#2237 = ORIENTED_EDGE ( 'NONE', *, *, #1739, .T. ) ;
#2238 = B_SPLINE_CURVE_WITH_KNOTS ( 'NONE', 3,
 ( #310, #2598, #1289, #2826 ),
 .UNSPECIFIED., .F., .F.,
 ( 4, 4 ),
 ( 2.380742992392545584E-07, 0.001606744326298690769 ),
 .UNSPECIFIED. ) ;
#2239 = DIRECTION ( 'NONE',  ( 0.000000000000000000, 0.000000000000000000, -1.000000000000000000 ) ) ;
#2240 = EDGE_LOOP ( 'NONE', ( #2808, #1940 ) ) ;
#2241 = AXIS2_PLACEMENT_3D ( 'NONE', #2341, #955, #1122 ) ;
#2242 = PRODUCT_DEFINITION_CONTEXT ( 'detailed design', #777, 'design' ) ;
#2243 = ORIENTED_EDGE ( 'NONE', *, *, #2426, .T. ) ;
#2244 = ADVANCED_FACE ( 'NONE', ( #1735 ), #3216, .F. ) ;
#2245 = CONICAL_SURFACE ( 'NONE', #3041, 2.750000000000000000, 1.047197551196595633 ) ;
#2246 = AXIS2_PLACEMENT_3D ( 'NONE', #2217, #1955, #1700 ) ;
#2247 = DIRECTION ( 'NONE',  ( -1.000000000000000000, -0.000000000000000000, -0.000000000000000000 ) ) ;
#2248 = DIRECTION ( 'NONE',  ( -1.000000000000000000, -0.000000000000000000, -0.000000000000000000 ) ) ;
#2249 = CIRCLE ( 'NONE', #217, 2.749999999999999112 ) ;
#2250 = ADVANCED_FACE ( 'NONE', ( #505 ), #2995, .T. ) ;
#2251 = CARTESIAN_POINT ( 'NONE',  ( 2.750000000000000000, 1.587713240271468873, -1.800000000000000044 ) ) ;
#2252 = DIRECTION ( 'NONE',  ( 1.000000000000000000, 0.000000000000000000, 0.000000000000000000 ) ) ;
#2253 = EDGE_LOOP ( 'NONE', ( #46, #50, #1845 ) ) ;
#2254 = CARTESIAN_POINT ( 'NONE',  ( 0.000000000000000000, 0.000000000000000000, -1.800000000000000044 ) ) ;
#2255 = CARTESIAN_POINT ( 'NONE',  ( 0.000000000000000000, 0.000000000000000000, -40.00000000000000000 ) ) ;
#2256 = AXIS2_PLACEMENT_3D ( 'NONE', #1357, #2861, #1324 ) ;
#2257 = VERTEX_POINT ( 'NONE', #701 ) ;
#2258 = CONICAL_SURFACE ( 'NONE', #2581, 2.750000000000000000, 1.047197551196595633 ) ;
#2259 = DIRECTION ( 'NONE',  ( 0.000000000000000000, 1.000000000000000000, 0.000000000000000000 ) ) ;
#2260 = ORIENTED_EDGE ( 'NONE', *, *, #879, .T. ) ;
#2261 = FACE_OUTER_BOUND ( 'NONE', #2887, .T. ) ;
#2262 = AXIS2_PLACEMENT_3D ( 'NONE', #2005, #2747, #2516 ) ;
#2263 = EDGE_LOOP ( 'NONE', ( #69, #3146, #1843, #3143 ) ) ;
#2264 = VECTOR ( 'NONE', #7, 1000.000000000000000 ) ;
#2265 = DIRECTION ( 'NONE',  ( 0.000000000000000000, 0.000000000000000000, 1.000000000000000000 ) ) ;
#2266 = CYLINDRICAL_SURFACE ( 'NONE', #2531, 2.750000000000000000 ) ;
#2267 = EDGE_CURVE ( 'NONE', #1388, #1699, #1242, .T. ) ;
#2268 = LINE ( 'NONE', #1473, #2609 ) ;
#2269 = EDGE_LOOP ( 'NONE', ( #1254, #1235, #284, #2546, #1687 ) ) ;
#2270 = CARTESIAN_POINT ( 'NONE',  ( 3.367778697655220519E-16, 0.000000000000000000, 2.750000000000000000 ) ) ;
#2271 = SHAPE_REPRESENTATION ( 'TopBase', ( #2670 ), #1299 ) ;
#2272 = EDGE_CURVE ( 'NONE', #2133, #2639, #676, .T. ) ;
#2273 = CARTESIAN_POINT ( 'NONE',  ( 0.000000000000000000, 0.000000000000000000, -2.750000000000000000 ) ) ;
#2274 = DIRECTION ( 'NONE',  ( -0.000000000000000000, 1.000000000000000000, -0.000000000000000000 ) ) ;
#2275 = VERTEX_POINT ( 'NONE', #1967 ) ;
#2276 = DIRECTION ( 'NONE',  ( 0.000000000000000000, 1.000000000000000000, 0.000000000000000000 ) ) ;
#2277 = ORIENTED_EDGE ( 'NONE', *, *, #1354, .T. ) ;
#2278 = DIRECTION ( 'NONE',  ( 1.000000000000000000, 0.000000000000000000, 0.000000000000000000 ) ) ;
#2279 =( REPRESENTATION_RELATIONSHIP ('NONE','NONE', #1394, #1710 ) REPRESENTATION_RELATIONSHIP_WITH_TRANSFORMATION ( #1093 )SHAPE_REPRESENTATION_RELATIONSHIP( ) );
#2280 = EDGE_LOOP ( 'NONE', ( #2233, #2722, #230 ) ) ;
#2281 = CARTESIAN_POINT ( 'NONE',  ( 10.49999999999999822, 0.000000000000000000, -6.000000000000003553 ) ) ;
#2282 = FACE_OUTER_BOUND ( 'NONE', #1308, .T. ) ;
#2283 = PRODUCT_DEFINITION ( 'UNKNOWN', '', #1447, #256 ) ;
#2284 = CARTESIAN_POINT ( 'NONE',  ( 0.000000000000000000, -3.000000000000000000, 0.000000000000000000 ) ) ;
#2285 = ORIENTED_EDGE ( 'NONE', *, *, #2752, .T. ) ;
#2286 = CARTESIAN_POINT ( 'NONE',  ( -2.749999999999999112, -0.5348566131067983287, -1.776938258631346024 ) ) ;
#2287 = EDGE_CURVE ( 'NONE', #99, #1088, #244, .T. ) ;
#2288 = CARTESIAN_POINT ( 'NONE',  ( 2.750000000000000000, 1.330988860919480210, -1.628489851701342639 ) ) ;
#2289 = EDGE_LOOP ( 'NONE', ( #1463, #1325, #1185, #181 ) ) ;
#2290 = EDGE_CURVE ( 'NONE', #444, #2980, #2522, .T. ) ;
#2291 = DIRECTION ( 'NONE',  ( 0.000000000000000000, 1.000000000000000000, 0.000000000000000000 ) ) ;
#2292 = ORIENTED_EDGE ( 'NONE', *, *, #1988, .F. ) ;
#2293 = VERTEX_POINT ( 'NONE', #1135 ) ;
#2294 = AXIS2_PLACEMENT_3D ( 'NONE', #3011, #2748, #1680 ) ;
#2295 = FILL_AREA_STYLE_COLOUR ( '', #2840 ) ;
#2296 = AXIS2_PLACEMENT_3D ( 'NONE', #1565, #2532, #1317 ) ;
#2297 = DIRECTION ( 'NONE',  ( 0.000000000000000000, 1.000000000000000000, 0.000000000000000000 ) ) ;
#2298 = ITEM_DEFINED_TRANSFORMATION ( 'NONE', 'NONE', #1923,  #2670 ) ;
#2299 = ORIENTED_EDGE ( 'NONE', *, *, #1073, .F. ) ;
#2300 = CARTESIAN_POINT ( 'NONE',  ( -4.987329993433320396E-15, -3.175426480542942631, -0.2456200930618641920 ) ) ;
#2301 = AXIS2_PLACEMENT_3D ( 'NONE', #969, #3029, #2472 ) ;
#2302 = CARTESIAN_POINT ( 'NONE',  ( -31.74999999999995737, 1.836970198721030920E-16, -1.500000000000000888 ) ) ;
#2303 = AXIS2_PLACEMENT_3D ( 'NONE', #2950, #1671, #234 ) ;
#2304 = ORIENTED_EDGE ( 'NONE', *, *, #1059, .F. ) ;
#2305 = EDGE_CURVE ( 'NONE', #252, #1484, #203, .T. ) ;
#2306 = SHAPE_REPRESENTATION ( 'BottomBase', ( #2670 ), #1716 ) ;
#2307 = DIRECTION ( 'NONE',  ( -1.000000000000000000, -0.000000000000000000, -0.000000000000000000 ) ) ;
#2308 = ORIENTED_EDGE ( 'NONE', *, *, #556, .T. ) ;
#2309 = CARTESIAN_POINT ( 'NONE',  ( 1.299999999999999156, 0.000000000000000000, 0.000000000000000000 ) ) ;
#2310 = EDGE_CURVE ( 'NONE', #2769, #2374, #2344, .T. ) ;
#2311 = AXIS2_PLACEMENT_3D ( 'NONE', #2963, #2902, #687 ) ;
#2312 = CONICAL_SURFACE ( 'NONE', #1310, 1.279999999999999805, 1.047197551196593412 ) ;
#2313 = CARTESIAN_POINT ( 'NONE',  ( 0.000000000000000000, 20.00000000000000000, -4.000000000000000000 ) ) ;
#2314 = CIRCLE ( 'NONE', #1892, 2.750000000000000000 ) ;
#2315 = CARTESIAN_POINT ( 'NONE',  ( -1.375000000000000888, 2.381569860407206196, 0.000000000000000000 ) ) ;
#2316 = ORIENTED_EDGE ( 'NONE', *, *, #1594, .F. ) ;
#2317 = LINE ( 'NONE', #2334, #1150 ) ;
#2318 = VECTOR ( 'NONE', #461, 1000.000000000000000 ) ;
#2319 =( NAMED_UNIT ( * ) PLANE_ANGLE_UNIT ( ) SI_UNIT ( $, .RADIAN. ) );
#2320 = DIRECTION ( 'NONE',  ( -1.000000000000000000, -0.000000000000000000, -0.000000000000000000 ) ) ;
#2321 = ORIENTED_EDGE ( 'NONE', *, *, #2290, .T. ) ;
#2322 = B_SPLINE_CURVE_WITH_KNOTS ( 'NONE', 3,
 ( #2052, #2805, #1539, #3119, #375, #2599 ),
 .UNSPECIFIED., .F., .F.,
 ( 4, 2, 4 ),
 ( 0.001606744326298687299, 0.002406996759593249199, 0.003207249192887811316 ),
 .UNSPECIFIED. ) ;
#2323 = CARTESIAN_POINT ( 'NONE',  ( -2.300137710042382100, 1.847441354476763387, -1.704334003592005153 ) ) ;
#2324 = PRODUCT_RELATED_PRODUCT_CATEGORY ( 'part', '', ( #2188 ) ) ;
#2325 = ORIENTED_EDGE ( 'NONE', *, *, #1095, .F. ) ;
#2326 = ORIENTED_EDGE ( 'NONE', *, *, #2976, .T. ) ;
#2327 = EDGE_CURVE ( 'NONE', #1180, #2544, #1707, .T. ) ;
#2328 = EDGE_CURVE ( 'NONE', #2715, #2117, #2763, .T. ) ;
#2329 = CARTESIAN_POINT ( 'NONE',  ( 40.00000000000000000, 2.000000000000000000, -1.734723475976807094E-15 ) ) ;
#2330 = FACE_BOUND ( 'NONE', #3022, .T. ) ;
#2331 = ADVANCED_FACE ( 'NONE', ( #2500 ), #877, .T. ) ;
#2332 = SHAPE_DEFINITION_REPRESENTATION ( #2488, #2306 ) ;
#2333 = ORIENTED_EDGE ( 'NONE', *, *, #2869, .T. ) ;
#2334 = CARTESIAN_POINT ( 'NONE',  ( 1.500000000000000000, 0.000000000000000000, -25.03750572909317285 ) ) ;
#2335 = SHAPE_REPRESENTATION_RELATIONSHIP ( 'NONE' , 'NONE' ,  #411, #296 ) ;
#2336 = FACE_OUTER_BOUND ( 'NONE', #353, .T. ) ;
#2337 = ORIENTED_EDGE ( 'NONE', *, *, #2830, .F. ) ;
#2338 = CARTESIAN_POINT ( 'NONE',  ( -40.00000000000000000, 2.000000000000000000, -3.469446951953614189E-15 ) ) ;
#2339 = VERTEX_POINT ( 'NONE', #2729 ) ;
#2340 = DIRECTION ( 'NONE',  ( -1.000000000000000000, -0.000000000000000000, -0.000000000000000000 ) ) ;
#2341 = CARTESIAN_POINT ( 'NONE',  ( 0.000000000000000000, -9.500000000000000000, 0.000000000000000000 ) ) ;
#2342 = CARTESIAN_POINT ( 'NONE',  ( -40.00000000000000000, 0.000000000000000000, 1.750000000000000000 ) ) ;
#2343 = EDGE_CURVE ( 'NONE', #1794, #117, #2713, .T. ) ;
#2344 = CIRCLE ( 'NONE', #2294, 2.750000000000000000 ) ;
#2345 = FACE_OUTER_BOUND ( 'NONE', #270, .T. ) ;
#2346 = DIRECTION ( 'NONE',  ( 0.000000000000000000, 1.000000000000000000, 0.000000000000000000 ) ) ;
#2347 = CIRCLE ( 'NONE', #469, 1.279999999999999805 ) ;
#2348 = EDGE_CURVE ( 'NONE', #947, #194, #2268, .T. ) ;
#2349 = AXIS2_PLACEMENT_3D ( 'NONE', #2432, #890, #2175 ) ;
#2350 = DIRECTION ( 'NONE',  ( 1.000000000000000000, 0.000000000000000000, 0.000000000000000000 ) ) ;
#2351 = DIRECTION ( 'NONE',  ( 0.000000000000000000, 0.000000000000000000, 1.000000000000000000 ) ) ;
#2352 = ORIENTED_EDGE ( 'NONE', *, *, #2098, .F. ) ;
#2353 = AXIS2_PLACEMENT_3D ( 'NONE', #2014, #2236, #53 ) ;
#2354 = PLANE ( 'NONE',  #2568 ) ;
#2355 = B_SPLINE_CURVE_WITH_KNOTS ( 'NONE', 3,
 ( #889, #2878, #1903, #1914, #2911, #1600 ),
 .UNSPECIFIED., .F., .F.,
 ( 4, 2, 4 ),
 ( 0.001606744326298690769, 0.002406996759593249633, 0.003207249192887808714 ),
 .UNSPECIFIED. ) ;
#2356 = EDGE_LOOP ( 'NONE', ( #819, #674, #1101, #522 ) ) ;
#2357 = VERTEX_POINT ( 'NONE', #2484 ) ;
#2358 = DIRECTION ( 'NONE',  ( 1.000000000000000000, 0.000000000000000000, 0.000000000000000000 ) ) ;
#2359 = CIRCLE ( 'NONE', #641, 1.750000000000003553 ) ;
#2360 = AXIS2_PLACEMENT_3D ( 'NONE', #1617, #2923, #2172 ) ;
#2361 = PLANE ( 'NONE',  #2396 ) ;
#2362 = DIRECTION ( 'NONE',  ( 0.000000000000000000, 1.224646799147353207E-16, 1.000000000000000000 ) ) ;
#2363 = CARTESIAN_POINT ( 'NONE',  ( 3.469446951953614189E-15, 0.000000000000000000, 40.00000000000000000 ) ) ;
#2364 = PRODUCT_DEFINITION ( 'UNKNOWN', '', #1706, #384 ) ;
#2365 = AXIS2_PLACEMENT_3D ( 'NONE', #2706, #1208, #2213 ) ;
#2366 = DIRECTION ( 'NONE',  ( 0.000000000000000000, 0.4999999999999993339, -0.8660254037844389297 ) ) ;
#2367 = AXIS2_PLACEMENT_3D ( 'NONE', #190, #3120, #1385 ) ;
#2368 =( NAMED_UNIT ( * ) SI_UNIT ( $, .STERADIAN. ) SOLID_ANGLE_UNIT ( ) );
#2369 = LINE ( 'NONE', #2302, #2525 ) ;
#2370 = ADVANCED_FACE ( 'NONE', ( #2518 ), #1547, .T. ) ;
#2371 = ORIENTED_EDGE ( 'NONE', *, *, #851, .F. ) ;
#2372 = DIRECTION ( 'NONE',  ( 0.000000000000000000, 0.000000000000000000, 1.000000000000000000 ) ) ;
#2373 = ORIENTED_EDGE ( 'NONE', *, *, #3061, .T. ) ;
#2374 = VERTEX_POINT ( 'NONE', #951 ) ;
#2375 = DIRECTION ( 'NONE',  ( 1.000000000000000000, 0.000000000000000000, 0.000000000000000000 ) ) ;
#2376 = CARTESIAN_POINT ( 'NONE',  ( 0.000000000000000000, 0.000000000000000000, -1.800000000000000044 ) ) ;
#2377 = PRODUCT ( 'TopBase', 'TopBase', '', ( #1035 ) ) ;
#2378 = CARTESIAN_POINT ( 'NONE',  ( 5.510910596163087978E-15, 2.000000000000000000, 44.99999999999999289 ) ) ;
#2379 = CARTESIAN_POINT ( 'NONE',  ( -40.00000000000000000, 0.000000000000000000, 1.750000000000000000 ) ) ;
#2380 = DIRECTION ( 'NONE',  ( -1.000000000000000000, -0.000000000000000000, -0.000000000000000000 ) ) ;
#2381 =( REPRESENTATION_RELATIONSHIP ('NONE','NONE', #1394, #1710 ) REPRESENTATION_RELATIONSHIP_WITH_TRANSFORMATION ( #1786 )SHAPE_REPRESENTATION_RELATIONSHIP( ) );
#2382 = DIRECTION ( 'NONE',  ( -1.000000000000000000, 0.000000000000000000, -0.000000000000000000 ) ) ;
#2383 = DIRECTION ( 'NONE',  ( 0.6341313634800496146, 0.7732253318735317071, -1.087614237369755281E-15 ) ) ;
#2384 = CARTESIAN_POINT ( 'NONE',  ( 0.000000000000000000, 1.200000000000000030E-05, -2.750000000000000000 ) ) ;
#2385 = VERTEX_POINT ( 'NONE', #1454 ) ;
#2386 = EDGE_CURVE ( 'NONE', #1119, #3175, #2924, .T. ) ;
#2387 = CARTESIAN_POINT ( 'NONE',  ( 0.000000000000000000, 20.00000000000000000, 0.000000000000000000 ) ) ;
#2388 = VERTEX_POINT ( 'NONE', #2565 ) ;
#2389 = ORIENTED_EDGE ( 'NONE', *, *, #1578, .T. ) ;
#2390 = EDGE_CURVE ( 'NONE', #3114, #2760, #1292, .T. ) ;
#2391 = LINE ( 'NONE', #1348, #2984 ) ;
#2392 = CARTESIAN_POINT ( 'NONE',  ( 1.084202172485504434E-15, 3.175426480542943075, -1.554379906938135658 ) ) ;
#2393 = DIRECTION ( 'NONE',  ( 0.000000000000000000, 1.000000000000000000, -1.613814510362182277E-15 ) ) ;
#2394 = CARTESIAN_POINT ( 'NONE',  ( 1.250000000000000000, 0.000000000000000000, -1.800000000000000044 ) ) ;
#2395 = B_SPLINE_CURVE_WITH_KNOTS ( 'NONE', 3,
 ( #2992, #503, #780, #950 ),
 .UNSPECIFIED., .F., .F.,
 ( 4, 4 ),
 ( 2.380742992391861605E-07, 0.001606744326298691202 ),
 .UNSPECIFIED. ) ;
#2396 = AXIS2_PLACEMENT_3D ( 'NONE', #137, #1911, #679 ) ;
#2397 = LINE ( 'NONE', #2859, #2533 ) ;
#2398 = CARTESIAN_POINT ( 'NONE',  ( 39.99999999999999289, 7.207442692966891719E-14, -3.000000000000072831 ) ) ;
#2399 = CARTESIAN_POINT ( 'NONE',  ( 1.084202172485504434E-15, 3.175426480542943075, -0.2456200930618641920 ) ) ;
#2400 = EDGE_CURVE ( 'NONE', #159, #1801, #1800, .T. ) ;
#2401 = AXIS2_PLACEMENT_3D ( 'NONE', #402, #102, #1137 ) ;
#2402 = ORIENTED_EDGE ( 'NONE', *, *, #924, .F. ) ;
#2403 = AXIS2_PLACEMENT_3D ( 'NONE', #599, #2072, #2809 ) ;
#2404 = ORIENTED_EDGE ( 'NONE', *, *, #2177, .T. ) ;
#2405 = EDGE_CURVE ( 'NONE', #3172, #2374, #1599, .T. ) ;
#2406 = CIRCLE ( 'NONE', #2038, 1.750000000000003553 ) ;
#2407 = AXIS2_PLACEMENT_3D ( 'NONE', #1593, #366, #2358 ) ;
#2408 = EDGE_LOOP ( 'NONE', ( #2321, #958, #1431 ) ) ;
#2409 = DIRECTION ( 'NONE',  ( 0.000000000000000000, 0.000000000000000000, 1.000000000000000000 ) ) ;
#2410 = VERTEX_POINT ( 'NONE', #2020 ) ;
#2411 = DIRECTION ( 'NONE',  ( -0.000000000000000000, -0.000000000000000000, 1.000000000000000000 ) ) ;
#2412 = EDGE_CURVE ( 'NONE', #1495, #1725, #928, .T. ) ;
#2413 = LINE ( 'NONE', #2922, #1240 ) ;
#2414 = CARTESIAN_POINT ( 'NONE',  ( 0.000000000000000000, -0.7390083445627211312, 1.280000000000001137 ) ) ;
#2415 = CIRCLE ( 'NONE', #2200, 3.333256362625975466 ) ;
#2416 = DIRECTION ( 'NONE',  ( -0.000000000000000000, 0.000000000000000000, 1.000000000000000000 ) ) ;
#2417 = CARTESIAN_POINT ( 'NONE',  ( -40.00000000000000000, -6.804466429497479431E-14, 2.000000000000066613 ) ) ;
#2418 = LINE ( 'NONE', #142, #1830 ) ;
#2419 = AXIS2_PLACEMENT_3D ( 'NONE', #1072, #842, #2562 ) ;
#2420 = VERTEX_POINT ( 'NONE', #1798 ) ;
#2421 = AXIS2_PLACEMENT_3D ( 'NONE', #274, #2479, #446 ) ;
#2422 = PRESENTATION_STYLE_ASSIGNMENT (( #1197 ) ) ;
#2423 = ORIENTED_EDGE ( 'NONE', *, *, #79, .T. ) ;
#2424 = ORIENTED_EDGE ( 'NONE', *, *, #2327, .T. ) ;
#2425 = DIRECTION ( 'NONE',  ( -0.000000000000000000, -0.000000000000000000, 1.000000000000000000 ) ) ;
#2426 = EDGE_CURVE ( 'NONE', #1787, #985, #2238, .T. ) ;
#2427 = CARTESIAN_POINT ( 'NONE',  ( 0.000000000000000000, -1.478016689125444261, 1.409462824231155764E-15 ) ) ;
#2428 = LINE ( 'NONE', #2681, #168 ) ;
#2429 = PRODUCT ( 'Holder1', 'Holder1', '', ( #3026 ) ) ;
#2430 = EDGE_CURVE ( 'NONE', #1379, #350, #2871, .T. ) ;
#2431 = CARTESIAN_POINT ( 'NONE',  ( 0.000000000000000000, -10.00000000000000000, 2.834474337496063256 ) ) ;
#2432 = CARTESIAN_POINT ( 'NONE',  ( -40.00000000000000711, -7.017230263826036083E-14, -2.999999999999937828 ) ) ;
#2433 = CARTESIAN_POINT ( 'NONE',  ( 0.4506121144344746865, -2.915265454974093284, -1.690910569535889918 ) ) ;
#2434 = ORIENTED_EDGE ( 'NONE', *, *, #980, .T. ) ;
#2435 = DIRECTION ( 'NONE',  ( 0.000000000000000000, -0.000000000000000000, 1.000000000000000000 ) ) ;
#2436 = ORIENTED_EDGE ( 'NONE', *, *, #2426, .F. ) ;
#2437 = ORIENTED_EDGE ( 'NONE', *, *, #2898, .F. ) ;
#2438 = DIRECTION ( 'NONE',  ( 0.000000000000000000, -0.000000000000000000, 1.000000000000000000 ) ) ;
#2439 = CARTESIAN_POINT ( 'NONE',  ( 3.100000000000005418, 0.000000000000000000, 0.000000000000000000 ) ) ;
#2440 = ORIENTED_EDGE ( 'NONE', *, *, #2774, .T. ) ;
#2441 = B_SPLINE_CURVE_WITH_KNOTS ( 'NONE', 3,
 ( #2087, #2323, #1314, #2864 ),
 .UNSPECIFIED., .F., .F.,
 ( 4, 4 ),
 ( 2.380742992397746366E-07, 0.001606744326298687299 ),
 .UNSPECIFIED. ) ;
#2442 =( REPRESENTATION_RELATIONSHIP ('NONE','NONE', #1394, #1710 ) REPRESENTATION_RELATIONSHIP_WITH_TRANSFORMATION ( #2827 )SHAPE_REPRESENTATION_RELATIONSHIP( ) );
#2443 = CARTESIAN_POINT ( 'NONE',  ( 1.300000000000000044, 1.478016689125441596, -2.059984127722458425E-15 ) ) ;
#2444 = DIRECTION ( 'NONE',  ( -1.000000000000000000, -0.000000000000000000, -0.000000000000000000 ) ) ;
#2445 = EDGE_CURVE ( 'NONE', #2133, #947, #3131, .T. ) ;
#2446 = CARTESIAN_POINT ( 'NONE',  ( 2.449293598294706414E-16, 20.00000000000000000, 2.000000000000000000 ) ) ;
#2447 = DIRECTION ( 'NONE',  ( -0.6000000000000026423, 0.7999999999999981570, 9.735635484344741161E-16 ) ) ;
#2448 = CARTESIAN_POINT ( 'NONE',  ( 3.100000000000005418, 0.000000000000000000, 1.500000000000000888 ) ) ;
#2449 = ADVANCED_FACE ( 'NONE', ( #1813 ), #3025, .T. ) ;
#2450 = ORIENTED_EDGE ( 'NONE', *, *, #2343, .F. ) ;
#2451 = VECTOR ( 'NONE', #15, 1000.000000000000000 ) ;
#2452 = FILL_AREA_STYLE_COLOUR ( '', #2139 ) ;
#2453 = ORIENTED_EDGE ( 'NONE', *, *, #396, .T. ) ;
#2454 = EDGE_LOOP ( 'NONE', ( #1807, #2948, #1731, #844, #1031, #563 ) ) ;
#2455 =( GEOMETRIC_REPRESENTATION_CONTEXT ( 3 ) GLOBAL_UNCERTAINTY_ASSIGNED_CONTEXT ( ( #2474 ) ) GLOBAL_UNIT_ASSIGNED_CONTEXT ( ( #1534, #2799, #1027 ) ) REPRESENTATION_CONTEXT ( 'NONE', 'WORKASPACE' ) );
#2456 = FACE_OUTER_BOUND ( 'NONE', #2142, .T. ) ;
#2457 =( GEOMETRIC_REPRESENTATION_CONTEXT ( 3 ) GLOBAL_UNCERTAINTY_ASSIGNED_CONTEXT ( ( #250 ) ) GLOBAL_UNIT_ASSIGNED_CONTEXT ( ( #2100, #2571, #1065 ) ) REPRESENTATION_CONTEXT ( 'NONE', 'WORKASPACE' ) );
#2458 = DIRECTION ( 'NONE',  ( 1.000000000000000000, 0.000000000000000000, 0.000000000000000000 ) ) ;
#2459 = PRODUCT_DEFINITION_SHAPE ( 'NONE', 'NONE',  #3226 ) ;
#2460 = ORIENTED_EDGE ( 'NONE', *, *, #980, .F. ) ;
#2461 = CONICAL_SURFACE ( 'NONE', #476, 1.219500000000000028, 0.7853981633974683740 ) ;
#2462 = DIRECTION ( 'NONE',  ( 0.000000000000000000, 0.000000000000000000, -1.000000000000000000 ) ) ;
#2463 = DIRECTION ( 'NONE',  ( -0.000000000000000000, 1.000000000000000000, -0.000000000000000000 ) ) ;
#2464 = PRODUCT_DEFINITION ( 'UNKNOWN', '', #367, #1844 ) ;
#2465 = CARTESIAN_POINT ( 'NONE',  ( 0.000000000000000000, 0.000000000000000000, 0.000000000000000000 ) ) ;
#2466 = CARTESIAN_POINT ( 'NONE',  ( -2.782421484404253356E-14, 39.99999999999999289, 25.80000000000000782 ) ) ;
#2467 = DIRECTION ( 'NONE',  ( -0.000000000000000000, -1.000000000000000000, -0.000000000000000000 ) ) ;
#2468 = CIRCLE ( 'NONE', #1201, 44.99999999999999289 ) ;
#2469 = ORIENTED_EDGE ( 'NONE', *, *, #921, .F. ) ;
#2470 = EDGE_CURVE ( 'NONE', #22, #2420, #1499, .T. ) ;
#2471 = TOROIDAL_SURFACE ( 'NONE', #1670, 1.600000000000000977, 0.1000000000000000056 ) ;
#2472 = DIRECTION ( 'NONE',  ( 0.000000000000000000, 0.000000000000000000, 1.000000000000000000 ) ) ;
#2473 = VERTEX_POINT ( 'NONE', #1548 ) ;
#2474 = UNCERTAINTY_MEASURE_WITH_UNIT (LENGTH_MEASURE( 1.000000000000000082E-05 ), #1534, 'distance_accuracy_value', 'NONE');
#2475 = ADVANCED_FACE ( 'NONE', ( #1785, #2330 ), #2537, .F. ) ;
#2476 = DIRECTION ( 'NONE',  ( 0.000000000000000000, 0.4999999999999993894, -0.8660254037844390407 ) ) ;
#2477 = ORIENTED_EDGE ( 'NONE', *, *, #729, .F. ) ;
#2478 = AXIS2_PLACEMENT_3D ( 'NONE', #1851, #1114, #1173 ) ;
#2479 = DIRECTION ( 'NONE',  ( -0.000000000000000000, 1.000000000000000000, -0.000000000000000000 ) ) ;
#2480 = PRODUCT_DEFINITION_CONTEXT ( 'detailed design', #1595, 'design' ) ;
#2481 = ORIENTED_EDGE ( 'NONE', *, *, #1594, .T. ) ;
#2482 = SURFACE_SIDE_STYLE ('',( #727 ) ) ;
#2483 = LINE ( 'NONE', #2074, #647 ) ;
#2484 = CARTESIAN_POINT ( 'NONE',  ( -1.250000000000000000, 1.530808498934191571E-16, -0.1750518845524290101 ) ) ;
#2485 =( NAMED_UNIT ( * ) SI_UNIT ( $, .STERADIAN. ) SOLID_ANGLE_UNIT ( ) );
#2486 = CARTESIAN_POINT ( 'NONE',  ( 4.332341089154326031E-16, 3.175426480542943075, -1.800000000000000044 ) ) ;
#2487 = EDGE_LOOP ( 'NONE', ( #2371, #2853, #1417, #2015 ) ) ;
#2488 = PRODUCT_DEFINITION_SHAPE ( 'NONE', 'NONE',  #2464 ) ;
#2489 = CARTESIAN_POINT ( 'NONE',  ( -2.750000000000000000, 1.330988860919479988, -1.628489851701342639 ) ) ;
#2490 = CARTESIAN_POINT ( 'NONE',  ( 0.000000000000000000, 0.000000000000000000, 0.000000000000000000 ) ) ;
#2491 = ORIENTED_EDGE ( 'NONE', *, *, #1906, .F. ) ;
#2492 = EDGE_CURVE ( 'NONE', #1909, #1057, #317, .T. ) ;
#2493 = DIRECTION ( 'NONE',  ( 0.000000000000000000, 0.000000000000000000, 1.000000000000000000 ) ) ;
#2494 = ORIENTED_EDGE ( 'NONE', *, *, #2850, .T. ) ;
#2495 = CYLINDRICAL_SURFACE ( 'NONE', #1626, 4.000000000000000000 ) ;
#2496 = ORIENTED_EDGE ( 'NONE', *, *, #2593, .F. ) ;
#2497 = EDGE_CURVE ( 'NONE', #3160, #1409, #93, .T. ) ;
#2498 = DIRECTION ( 'NONE',  ( -0.7071067811865334729, 8.659560562355107887E-17, -0.7071067811865617836 ) ) ;
#2499 = PLANE ( 'NONE',  #2262 ) ;
#2500 = FACE_OUTER_BOUND ( 'NONE', #2819, .T. ) ;
#2501 = FACE_OUTER_BOUND ( 'NONE', #94, .T. ) ;
#2502 = EDGE_LOOP ( 'NONE', ( #2055, #312 ) ) ;
#2503 = CARTESIAN_POINT ( 'NONE',  ( 0.000000000000000000, 0.7390083445627172454, -1.280000000000001137 ) ) ;
#2504 = CARTESIAN_POINT ( 'NONE',  ( -40.00000000000000000, 2.000000000000000000, -3.469446951953614189E-15 ) ) ;
#2505 = ORIENTED_EDGE ( 'NONE', *, *, #1371, .T. ) ;
#2506 = VECTOR ( 'NONE', #2872, 1000.000000000000000 ) ;
#2507 = CARTESIAN_POINT ( 'NONE',  ( 0.2243700767916243233, -3.045886356309203347, -0.1708300674639799122 ) ) ;
#2508 = EDGE_CURVE ( 'NONE', #1588, #2817, #1029, .T. ) ;
#2509 = EDGE_LOOP ( 'NONE', ( #2057, #534, #1770, #1577 ) ) ;
#2510 = CARTESIAN_POINT ( 'NONE',  ( 0.000000000000000000, -3.000000000000000000, -2.750000000000000000 ) ) ;
#2511 = CIRCLE ( 'NONE', #2928, 1.279999999999999805 ) ;
#2512 = ORIENTED_EDGE ( 'NONE', *, *, #924, .T. ) ;
#2513 = AXIS2_PLACEMENT_3D ( 'NONE', #1718, #31, #2730 ) ;
#2514 = CARTESIAN_POINT ( 'NONE',  ( 0.000000000000000000, 0.000000000000000000, 0.000000000000000000 ) ) ;
#2515 = EDGE_CURVE ( 'NONE', #2042, #2257, #176, .T. ) ;
#2516 = DIRECTION ( 'NONE',  ( 0.8660254037844381525, -0.5000000000000006661, 0.000000000000000000 ) ) ;
#2517 = AXIS2_PLACEMENT_3D ( 'NONE', #2338, #98, #1084 ) ;
#2518 = FACE_OUTER_BOUND ( 'NONE', #2280, .T. ) ;
#2519 = SHAPE_DEFINITION_REPRESENTATION ( #740, #411 ) ;
#2520 = VERTEX_POINT ( 'NONE', #3060 ) ;
#2521 = LINE ( 'NONE', #2035, #2680 ) ;
#2522 = B_SPLINE_CURVE_WITH_KNOTS ( 'NONE', 3,
 ( #966, #2227, #1989, #716, #1750, #466 ),
 .UNSPECIFIED., .F., .F.,
 ( 4, 2, 4 ),
 ( 0.002832689070575956751, 0.003635789392948013052, 0.004438889715320069353 ),
 .UNSPECIFIED. ) ;
#2523 = CARTESIAN_POINT ( 'NONE',  ( 33.00000000000000000, 0.000000000000000000, 1.219500000000000028 ) ) ;
#2524 = DIRECTION ( 'NONE',  ( 0.000000000000000000, 0.000000000000000000, 1.000000000000000000 ) ) ;
#2525 = VECTOR ( 'NONE', #67, 1000.000000000000000 ) ;
#2526 = ORIENTED_EDGE ( 'NONE', *, *, #448, .T. ) ;
#2527 = AXIS2_PLACEMENT_3D ( 'NONE', #2363, #1850, #569 ) ;
#2528 = DIRECTION ( 'NONE',  ( 0.000000000000000000, 0.000000000000000000, -1.000000000000000000 ) ) ;
#2529 = ORIENTED_EDGE ( 'NONE', *, *, #255, .T. ) ;
#2530 = DIRECTION ( 'NONE',  ( 1.000000000000000000, 0.000000000000000000, 0.000000000000000000 ) ) ;
#2531 = AXIS2_PLACEMENT_3D ( 'NONE', #278, #2226, #964 ) ;
#2532 = DIRECTION ( 'NONE',  ( 0.000000000000000000, 1.000000000000000000, 0.000000000000000000 ) ) ;
#2533 = VECTOR ( 'NONE', #3166, 1000.000000000000000 ) ;
#2534 = DIRECTION ( 'NONE',  ( -0.000000000000000000, -0.000000000000000000, 1.000000000000000000 ) ) ;
#2535 = DIRECTION ( 'NONE',  ( 0.000000000000000000, 0.000000000000000000, 1.000000000000000000 ) ) ;
#2536 = ADVANCED_FACE ( 'NONE', ( #45 ), #843, .F. ) ;
#2537 = PLANE ( 'NONE',  #149 ) ;
#2538 = CONTEXT_DEPENDENT_SHAPE_REPRESENTATION ( #1200, #212 ) ;
#2539 = VERTEX_POINT ( 'NONE', #30 ) ;
#2540 = CARTESIAN_POINT ( 'NONE',  ( 0.000000000000000000, 2.000000000000000000, 0.000000000000000000 ) ) ;
#2541 = EDGE_CURVE ( 'NONE', #3125, #670, #823, .T. ) ;
#2542 = CARTESIAN_POINT ( 'NONE',  ( -2.749999999999999556, 0.2684568315541766004, -1.799999999999999822 ) ) ;
#2543 = DIRECTION ( 'NONE',  ( 1.000000000000000000, 0.000000000000000000, 0.000000000000000000 ) ) ;
#2544 = VERTEX_POINT ( 'NONE', #2811 ) ;
#2545 = CARTESIAN_POINT ( 'NONE',  ( 1.300000000000000044, -0.7390083445627240177, -1.279999999999999138 ) ) ;
#2546 = ORIENTED_EDGE ( 'NONE', *, *, #1554, .T. ) ;
#2547 = ORIENTED_EDGE ( 'NONE', *, *, #2012, .F. ) ;
#2548 = LINE ( 'NONE', #3105, #3000 ) ;
#2549 = DIRECTION ( 'NONE',  ( 0.000000000000000000, 0.000000000000000000, 1.000000000000000000 ) ) ;
#2550 = VERTEX_POINT ( 'NONE', #566 ) ;
#2551 = DIRECTION ( 'NONE',  ( 0.000000000000000000, 0.000000000000000000, 1.000000000000000000 ) ) ;
#2552 = ADVANCED_FACE ( 'NONE', ( #1880 ), #574, .T. ) ;
#2553 =( REPRESENTATION_RELATIONSHIP ('NONE','NONE', #1394, #2964 ) REPRESENTATION_RELATIONSHIP_WITH_TRANSFORMATION ( #1537 )SHAPE_REPRESENTATION_RELATIONSHIP( ) );
#2554 = CARTESIAN_POINT ( 'NONE',  ( 0.000000000000000000, 2.000000000000000000, 0.000000000000000000 ) ) ;
#2555 = EDGE_CURVE ( 'NONE', #1525, #3123, #1900, .T. ) ;
#2556 = ORIENTED_EDGE ( 'NONE', *, *, #2125, .F. ) ;
#2557 = DIRECTION ( 'NONE',  ( 0.000000000000000000, -1.000000000000000000, 0.000000000000000000 ) ) ;
#2558 = ORIENTED_EDGE ( 'NONE', *, *, #2973, .F. ) ;
#2559 = CARTESIAN_POINT ( 'NONE',  ( 3.469446951953614189E-15, 0.000000000000000000, 41.74999999999999289 ) ) ;
#2560 = FILL_AREA_STYLE_COLOUR ( '', #678 ) ;
#2561 = AXIS2_PLACEMENT_3D ( 'NONE', #261, #1191, #1503 ) ;
#2562 = DIRECTION ( 'NONE',  ( 1.000000000000000000, 0.000000000000000000, 0.000000000000000000 ) ) ;
#2563 = AXIS2_PLACEMENT_3D ( 'NONE', #2631, #391, #237 ) ;
#2564 = AXIS2_PLACEMENT_3D ( 'NONE', #997, #2692, #2958 ) ;
#2565 = CARTESIAN_POINT ( 'NONE',  ( 0.000000000000000000, 3.275930187719168862E-16, -2.599999999999999201 ) ) ;
#2566 = ORIENTED_EDGE ( 'NONE', *, *, #318, .F. ) ;
#2567 = DIRECTION ( 'NONE',  ( 0.000000000000000000, 0.000000000000000000, 1.000000000000000000 ) ) ;
#2568 = AXIS2_PLACEMENT_3D ( 'NONE', #115, #3112, #2640 ) ;
#2569 = AXIS2_PLACEMENT_3D ( 'NONE', #2398, #1128, #1406 ) ;
#2570 = STYLED_ITEM ( 'NONE', ( #2422 ), #617 ) ;
#2571 =( NAMED_UNIT ( * ) PLANE_ANGLE_UNIT ( ) SI_UNIT ( $, .RADIAN. ) );
#2572 = DIRECTION ( 'NONE',  ( 1.000000000000000000, 0.000000000000000000, 0.000000000000000000 ) ) ;
#2573 = AXIS2_PLACEMENT_3D ( 'NONE', #759, #1755, #21 ) ;
#2574 = ORIENTED_EDGE ( 'NONE', *, *, #1393, .T. ) ;
#2575 = ADVANCED_FACE ( 'NONE', ( #2345 ), #730, .T. ) ;
#2576 = AXIS2_PLACEMENT_3D ( 'NONE', #1667, #953, #1424 ) ;
#2577 = CARTESIAN_POINT ( 'NONE',  ( -40.00000000000000000, 0.000000000000000000, 1.750000000000000000 ) ) ;
#2578 = ORIENTED_EDGE ( 'NONE', *, *, #1218, .T. ) ;
#2579 = CARTESIAN_POINT ( 'NONE',  ( 0.000000000000000000, 0.000000000000000000, 0.000000000000000000 ) ) ;
#2580 = VECTOR ( 'NONE', #1188, 1000.000000000000000 ) ;
#2581 = AXIS2_PLACEMENT_3D ( 'NONE', #845, #3108, #825 ) ;
#2582 = DIRECTION ( 'NONE',  ( 0.000000000000000000, 0.000000000000000000, 1.000000000000000000 ) ) ;
#2583 = AXIS2_PLACEMENT_3D ( 'NONE', #2607, #821, #3044 ) ;
#2584 = CARTESIAN_POINT ( 'NONE',  ( 0.000000000000000000, -9.500000000000000000, 2.834474337496063256 ) ) ;
#2585 = CONTEXT_DEPENDENT_SHAPE_REPRESENTATION ( #2953, #243 ) ;
#2586 = ORIENTED_EDGE ( 'NONE', *, *, #435, .T. ) ;
#2587 = DIRECTION ( 'NONE',  ( 0.000000000000000000, 1.000000000000000000, 0.000000000000000000 ) ) ;
#2588 =( NAMED_UNIT ( * ) SI_UNIT ( $, .STERADIAN. ) SOLID_ANGLE_UNIT ( ) );
#2589 = DIRECTION ( 'NONE',  ( 0.000000000000000000, -1.000000000000000000, 0.000000000000000000 ) ) ;
#2590 = ORIENTED_EDGE ( 'NONE', *, *, #37, .T. ) ;
#2591 = FACE_BOUND ( 'NONE', #2641, .T. ) ;
#2592 = ORIENTED_EDGE ( 'NONE', *, *, #1740, .T. ) ;
#2593 = EDGE_CURVE ( 'NONE', #1515, #1891, #107, .T. ) ;
#2594 = ORIENTED_EDGE ( 'NONE', *, *, #2043, .T. ) ;
#2595 = CARTESIAN_POINT ( 'NONE',  ( 1.300000000000000044, 1.478016689125441596, -2.059984127722458425E-15 ) ) ;
#2596 = CARTESIAN_POINT ( 'NONE',  ( 3.469446951953614189E-15, 0.000000000000000000, 40.00000000000000000 ) ) ;
#2597 = ADVANCED_FACE ( 'NONE', ( #2894 ), #2361, .F. ) ;
#2598 = CARTESIAN_POINT ( 'NONE',  ( 0.4498622899576191214, 2.915698366337649450, -1.704334003592005375 ) ) ;
#2599 = CARTESIAN_POINT ( 'NONE',  ( 1.084202172485504434E-15, 3.175426480542943075, -1.554379906938135658 ) ) ;
#2600 = CYLINDRICAL_SURFACE ( 'NONE', #1464, 44.99999999999999289 ) ;
#2601 = ORIENTED_EDGE ( 'NONE', *, *, #570, .F. ) ;
#2602 = DIRECTION ( 'NONE',  ( -0.000000000000000000, -0.000000000000000000, 1.000000000000000000 ) ) ;
#2603 = ORIENTED_EDGE ( 'NONE', *, *, #1856, .F. ) ;
#2604 = UNCERTAINTY_MEASURE_WITH_UNIT (LENGTH_MEASURE( 1.000000000000000082E-05 ), #1557, 'distance_accuracy_value', 'NONE');
#2605 = ORIENTED_EDGE ( 'NONE', *, *, #2638, .T. ) ;
#2606 = DIRECTION ( 'NONE',  ( 0.000000000000000000, 0.000000000000000000, 1.000000000000000000 ) ) ;
#2607 = CARTESIAN_POINT ( 'NONE',  ( 0.000000000000000000, 2.000000000000000000, 0.000000000000000000 ) ) ;
#2608 = ADVANCED_FACE ( 'NONE', ( #390 ), #2630, .F. ) ;
#2609 = VECTOR ( 'NONE', #282, 1000.000000000000227 ) ;
#2610 = DIRECTION ( 'NONE',  ( -0.000000000000000000, 1.000000000000000000, -0.000000000000000000 ) ) ;
#2611 = DIRECTION ( 'NONE',  ( 0.000000000000000000, 1.000000000000000000, -1.224646799147353207E-16 ) ) ;
#2612 = ITEM_DEFINED_TRANSFORMATION ( 'NONE', 'NONE', #2927,  #2670 ) ;
#2613 = CARTESIAN_POINT ( 'NONE',  ( 1.300000000000000044, 1.478016689125441596, -2.059984127722458425E-15 ) ) ;
#2614 =( REPRESENTATION_RELATIONSHIP ('NONE','NONE', #1394, #2271 ) REPRESENTATION_RELATIONSHIP_WITH_TRANSFORMATION ( #1549 )SHAPE_REPRESENTATION_RELATIONSHIP( ) );
#2615 = AXIS2_PLACEMENT_3D ( 'NONE', #1697, #543, #2978 ) ;
#2616 = CIRCLE ( 'NONE', #627, 1.500000000000000444 ) ;
#2617 = PRODUCT_DEFINITION_SHAPE ( 'NONE', 'NONE',  #726 ) ;
#2618 = CARTESIAN_POINT ( 'NONE',  ( 0.000000000000000000, 0.000000000000000000, 0.000000000000000000 ) ) ;
#2619 = AXIS2_PLACEMENT_3D ( 'NONE', #2309, #2340, #89 ) ;
#2620 = CONICAL_SURFACE ( 'NONE', #473, 1.279999999999999805, 1.047197551196593412 ) ;
#2621 =( LENGTH_UNIT ( ) NAMED_UNIT ( * ) SI_UNIT ( .MILLI., .METRE. ) );
#2622 = CARTESIAN_POINT ( 'NONE',  ( 0.000000000000000000, 1.478016689125441596, -2.059984127722458425E-15 ) ) ;
#2623 = EDGE_LOOP ( 'NONE', ( #511, #1805, #1427, #688, #72, #1 ) ) ;
#2624 = CARTESIAN_POINT ( 'NONE',  ( 33.00000000000000000, 0.000000000000000000, 0.000000000000000000 ) ) ;
#2625 = EDGE_LOOP ( 'NONE', ( #2404, #832, #2594, #2796, #962, #1267 ) ) ;
#2626 = ORIENTED_EDGE ( 'NONE', *, *, #2199, .F. ) ;
#2627 = DIRECTION ( 'NONE',  ( -1.000000000000000000, -0.000000000000000000, -0.000000000000000000 ) ) ;
#2628 = DIRECTION ( 'NONE',  ( 0.000000000000000000, 0.000000000000000000, 1.000000000000000000 ) ) ;
#2629 = CIRCLE ( 'NONE', #541, 2.750000000000000000 ) ;
#2630 = CYLINDRICAL_SURFACE ( 'NONE', #1389, 1.750000000000003553 ) ;
#2631 = CARTESIAN_POINT ( 'NONE',  ( 0.000000000000000000, 20.00000000000000000, 0.000000000000000000 ) ) ;
#2632 = CARTESIAN_POINT ( 'NONE',  ( 10.49999999999999822, 2.000000000000000000, -6.000000000000003553 ) ) ;
#2633 = ADVANCED_FACE ( 'NONE', ( #2095 ), #3107, .F. ) ;
#2634 = AXIS2_PLACEMENT_3D ( 'NONE', #242, #2248, #1340 ) ;
#2635 = CARTESIAN_POINT ( 'NONE',  ( 3.100000000000005418, 0.000000000000000000, -1.600000000000000977 ) ) ;
#2636 = VECTOR ( 'NONE', #2955, 1000.000000000000000 ) ;
#2637 = DIRECTION ( 'NONE',  ( 8.659560562354904508E-17, -0.7071067811865500152, 0.7071067811865451302 ) ) ;
#2638 = EDGE_CURVE ( 'NONE', #498, #1686, #2126, .T. ) ;
#2639 = VERTEX_POINT ( 'NONE', #1849 ) ;
#2640 = DIRECTION ( 'NONE',  ( -1.000000000000000000, 0.000000000000000000, 0.000000000000000000 ) ) ;
#2641 = EDGE_LOOP ( 'NONE', ( #1106, #1179 ) ) ;
#2642 = ORIENTED_EDGE ( 'NONE', *, *, #2649, .T. ) ;
#2643 = CARTESIAN_POINT ( 'NONE',  ( -2.750000000000000000, 1.587713240271470871, -1.800000000000000044 ) ) ;
#2644 = DIRECTION ( 'NONE',  ( 0.000000000000000000, 1.000000000000000000, 0.000000000000000000 ) ) ;
#2645 = PRODUCT_DEFINITION_SHAPE ( 'NONE', 'NONE',  #2218 ) ;
#2646 = CARTESIAN_POINT ( 'NONE',  ( 0.1499999999999973577, 3.367778697655220026E-16, -2.749999999999999112 ) ) ;
#2647 = CYLINDRICAL_SURFACE ( 'NONE', #424, 1.750000000000003553 ) ;
#2648 = FACE_OUTER_BOUND ( 'NONE', #854, .T. ) ;
#2649 = EDGE_CURVE ( 'NONE', #2385, #954, #830, .T. ) ;
#2650 = CARTESIAN_POINT ( 'NONE',  ( -2.749999999999999112, 1.070896984529281726, -0.1097913889158296935 ) ) ;
#2651 = DIRECTION ( 'NONE',  ( 0.8430159026972597891, 0.5378886388459269696, -1.390366076904771380E-15 ) ) ;
#2652 = CARTESIAN_POINT ( 'NONE',  ( 0.000000000000000000, 0.000000000000000000, 0.000000000000000000 ) ) ;
#2653 = ORIENTED_EDGE ( 'NONE', *, *, #2272, .T. ) ;
#2654 = EDGE_CURVE ( 'NONE', #3067, #1957, #2413, .T. ) ;
#2655 = LINE ( 'NONE', #36, #1722 ) ;
#2656 = ORIENTED_EDGE ( 'NONE', *, *, #884, .T. ) ;
#2657 = ORIENTED_EDGE ( 'NONE', *, *, #2850, .F. ) ;
#2658 = PLANE ( 'NONE',  #1983 ) ;
#2659 = FACE_OUTER_BOUND ( 'NONE', #3080, .T. ) ;
#2660 = FACE_BOUND ( 'NONE', #1130, .T. ) ;
#2661 = CARTESIAN_POINT ( 'NONE',  ( 0.000000000000000000, 2.000000000000000000, -40.00000000000000000 ) ) ;
#2662 = AXIS2_PLACEMENT_3D ( 'NONE', #2417, #2651, #1161 ) ;
#2663 = AXIS2_PLACEMENT_3D ( 'NONE', #1109, #2857, #883 ) ;
#2664 = CARTESIAN_POINT ( 'NONE',  ( 2.300137710042382100, -1.847441354476766051, -0.09566599640799565429 ) ) ;
#2665 = DIRECTION ( 'NONE',  ( -0.7732253318735317071, 0.6341313634800497256, 1.215155407823630430E-15 ) ) ;
#2666 = DIRECTION ( 'NONE',  ( 0.000000000000000000, 0.000000000000000000, 1.000000000000000000 ) ) ;
#2667 = DIRECTION ( 'NONE',  ( 0.000000000000000000, 0.000000000000000000, 1.000000000000000000 ) ) ;
#2668 = CIRCLE ( 'NONE', #1871, 2.749999999999999112 ) ;
#2669 = ORIENTED_EDGE ( 'NONE', *, *, #92, .F. ) ;
#2670 = AXIS2_PLACEMENT_3D ( 'NONE', #1336, #1601, #2350 ) ;
#2671 = CARTESIAN_POINT ( 'NONE',  ( -10.50000000000000178, 0.000000000000000000, -6.000000000000003553 ) ) ;
#2672 = ORIENTED_EDGE ( 'NONE', *, *, #1259, .T. ) ;
#2673 = VECTOR ( 'NONE', #689, 1000.000000000000000 ) ;
#2674 = VERTEX_POINT ( 'NONE', #2646 ) ;
#2675 = ADVANCED_FACE ( 'NONE', ( #1630, #1645, #3152, #2660, #373, #422 ), #170, .F. ) ;
#2676 = DIRECTION ( 'NONE',  ( 0.000000000000000000, 0.000000000000000000, 1.000000000000000000 ) ) ;
#2677 = EDGE_CURVE ( 'NONE', #415, #863, #2161, .T. ) ;
#2678 = APPLICATION_CONTEXT ( 'automotive_design' ) ;
#2679 = CARTESIAN_POINT ( 'NONE',  ( 0.000000000000000000, 0.000000000000000000, 0.000000000000000000 ) ) ;
#2680 = VECTOR ( 'NONE', #2997, 1000.000000000000000 ) ;
#2681 = CARTESIAN_POINT ( 'NONE',  ( 3.367778697655220519E-16, 1.200000000000000030E-05, 2.750000000000000000 ) ) ;
#2682 = CARTESIAN_POINT ( 'NONE',  ( 2.749999999999999112, -1.587713240271473758, -0.2456200930618641920 ) ) ;
#2683 =( NAMED_UNIT ( * ) SI_UNIT ( $, .STERADIAN. ) SOLID_ANGLE_UNIT ( ) );
#2684 = DIRECTION ( 'NONE',  ( -1.000000000000000000, -0.000000000000000000, -0.000000000000000000 ) ) ;
#2685 = VECTOR ( 'NONE', #1878, 1000.000000000000000 ) ;
#2686 = ORIENTED_EDGE ( 'NONE', *, *, #90, .T. ) ;
#2687 = AXIS2_PLACEMENT_3D ( 'NONE', #694, #1381, #974 ) ;
#2688 = VERTEX_POINT ( 'NONE', #122 ) ;
#2689 = ORIENTED_EDGE ( 'NONE', *, *, #3165, .T. ) ;
#2690 = ADVANCED_FACE ( 'NONE', ( #916 ), #365, .T. ) ;
#2691 = ORIENTED_EDGE ( 'NONE', *, *, #1673, .F. ) ;
#2692 = DIRECTION ( 'NONE',  ( -0.000000000000000000, -0.000000000000000000, 1.000000000000000000 ) ) ;
#2693 = EDGE_CURVE ( 'NONE', #1515, #257, #867, .T. ) ;
#2694 = DIRECTION ( 'NONE',  ( 0.000000000000000000, 1.000000000000000000, 0.000000000000000000 ) ) ;
#2695 = CARTESIAN_POINT ( 'NONE',  ( 1.224999999999999423, 0.000000000000000000, -0.1925570730076722747 ) ) ;
#2696 = DIRECTION ( 'NONE',  ( 0.9183650514339928295, 0.3957342950827483219, -1.464088096684049848E-15 ) ) ;
#2697 = FACE_OUTER_BOUND ( 'NONE', #88, .T. ) ;
#2698 = EDGE_LOOP ( 'NONE', ( #2158, #2741, #1747, #558, #199 ) ) ;
#2699 = PLANE ( 'NONE',  #1661 ) ;
#2700 = ORIENTED_EDGE ( 'NONE', *, *, #2043, .F. ) ;
#2701 = ORIENTED_EDGE ( 'NONE', *, *, #171, .T. ) ;
#2702 = CARTESIAN_POINT ( 'NONE',  ( -2.750000000000000000, -1.587713240271473092, -0.2456200930618641920 ) ) ;
#2703 = DIRECTION ( 'NONE',  ( -0.000000000000000000, -1.000000000000000000, -0.000000000000000000 ) ) ;
#2704 = ORIENTED_EDGE ( 'NONE', *, *, #370, .T. ) ;
#2705 = DIRECTION ( 'NONE',  ( 0.000000000000000000, 0.000000000000000000, 1.000000000000000000 ) ) ;
#2706 = CARTESIAN_POINT ( 'NONE',  ( 0.000000000000000000, 0.000000000000000000, 0.000000000000000000 ) ) ;
#2707 = ADVANCED_FACE ( 'NONE', ( #633 ), #1615, .F. ) ;
#2708 = CARTESIAN_POINT ( 'NONE',  ( -0.9064794551410538803, -2.652070323102391658, -1.800000000000000488 ) ) ;
#2709 = DIRECTION ( 'NONE',  ( 1.659613348211625458E-15, 1.387778780781730405E-17, 1.000000000000000222 ) ) ;
#2710 = CARTESIAN_POINT ( 'NONE',  ( -1.375000000000000888, 2.381569860407206196, 0.000000000000000000 ) ) ;
#2711 = ORIENTED_EDGE ( 'NONE', *, *, #1578, .F. ) ;
#2712 = EDGE_CURVE ( 'NONE', #2674, #161, #2668, .T. ) ;
#2713 = CIRCLE ( 'NONE', #2561, 1.750000000000003553 ) ;
#2714 = CARTESIAN_POINT ( 'NONE',  ( 1.300000000000000044, 1.478016689125441596, -2.059984127722458425E-15 ) ) ;
#2715 = VERTEX_POINT ( 'NONE', #1870 ) ;
#2716 = ORIENTED_EDGE ( 'NONE', *, *, #335, .F. ) ;
#2717 = B_SPLINE_CURVE_WITH_KNOTS ( 'NONE', 3,
 ( #2710, #1969, #2229, #1277, #2731, #677 ),
 .UNSPECIFIED., .F., .F.,
 ( 4, 2, 4 ),
 ( 0.001606744326298687299, 0.002406996759593248766, 0.003207249192887810449 ),
 .UNSPECIFIED. ) ;
#2718 =( REPRESENTATION_RELATIONSHIP ('NONE','NONE', #1394, #2069 ) REPRESENTATION_RELATIONSHIP_WITH_TRANSFORMATION ( #2298 )SHAPE_REPRESENTATION_RELATIONSHIP( ) );
#2719 = CIRCLE ( 'NONE', #1709, 1.750000000000001554 ) ;
#2720 = VECTOR ( 'NONE', #698, 1000.000000000000000 ) ;
#2721 = DIRECTION ( 'NONE',  ( -1.000000000000000000, -0.000000000000000000, -0.000000000000000000 ) ) ;
#2722 = ORIENTED_EDGE ( 'NONE', *, *, #1121, .T. ) ;
#2723 = CIRCLE ( 'NONE', #840, 2.750000000000000000 ) ;
#2724 = CYLINDRICAL_SURFACE ( 'NONE', #2798, 1.750000000000003553 ) ;
#2725 = ORIENTED_EDGE ( 'NONE', *, *, #1224, .T. ) ;
#2726 = AXIS2_PLACEMENT_3D ( 'NONE', #290, #2307, #805 ) ;
#2727 = DIRECTION ( 'NONE',  ( 1.000000000000000000, 0.000000000000000000, 0.000000000000000000 ) ) ;
#2728 = FACE_OUTER_BOUND ( 'NONE', #623, .T. ) ;
#2729 = CARTESIAN_POINT ( 'NONE',  ( -40.00000000000000000, 2.000000000000000000, -1.750000000000006883 ) ) ;
#2730 = DIRECTION ( 'NONE',  ( 1.000000000000000000, 0.000000000000000000, 0.000000000000000000 ) ) ;
#2731 = CARTESIAN_POINT ( 'NONE',  ( -0.2243700767916259331, 3.045886356309200238, -0.1708300674639779970 ) ) ;
#2732 = EDGE_CURVE ( 'NONE', #1409, #2688, #2616, .T. ) ;
#2733 = CIRCLE ( 'NONE', #333, 3.999999999999999112 ) ;
#2734 = ORIENTED_EDGE ( 'NONE', *, *, #1421, .T. ) ;
#2735 = VECTOR ( 'NONE', #1737, 1000.000000000000000 ) ;
#2736 = CARTESIAN_POINT ( 'NONE',  ( 3.469446951953614189E-15, 2.000000000000000000, 41.74999999999999289 ) ) ;
#2737 = CYLINDRICAL_SURFACE ( 'NONE', #991, 1.750000000000001554 ) ;
#2738 = ADVANCED_FACE ( 'NONE', ( #482 ), #2991, .F. ) ;
#2739 = ORIENTED_EDGE ( 'NONE', *, *, #632, .T. ) ;
#2740 = DIRECTION ( 'NONE',  ( 1.000000000000000000, 0.000000000000000000, 0.000000000000000000 ) ) ;
#2741 = ORIENTED_EDGE ( 'NONE', *, *, #1541, .T. ) ;
#2742 = CARTESIAN_POINT ( 'NONE',  ( 0.000000000000000000, 2.000000000000000000, -44.99999999999999289 ) ) ;
#2743 = APPLICATION_CONTEXT ( 'automotive_design' ) ;
#2744 = UNCERTAINTY_MEASURE_WITH_UNIT (LENGTH_MEASURE( 1.000000000000000082E-05 ), #262, 'distance_accuracy_value', 'NONE');
#2745 = ORIENTED_EDGE ( 'NONE', *, *, #254, .T. ) ;
#2746 = DIRECTION ( 'NONE',  ( 0.000000000000000000, 1.000000000000000000, 0.000000000000000000 ) ) ;
#2747 = DIRECTION ( 'NONE',  ( -0.5000000000000007772, -0.8660254037844382635, 0.000000000000000000 ) ) ;
#2748 = DIRECTION ( 'NONE',  ( 0.000000000000000000, -0.000000000000000000, 1.000000000000000000 ) ) ;
#2749 = APPLICATION_PROTOCOL_DEFINITION ( 'draft international standard', 'automotive_design', 1998, #44 ) ;
#2750 = CARTESIAN_POINT ( 'NONE',  ( 4.898587196589411843E-16, 0.000000000000000000, -3.999999999999999112 ) ) ;
#2751 = ORIENTED_EDGE ( 'NONE', *, *, #3187, .F. ) ;
#2752 = EDGE_CURVE ( 'NONE', #2760, #1669, #749, .T. ) ;
#2753 = CARTESIAN_POINT ( 'NONE',  ( -2.750000000000000000, 0.000000000000000000, -1.800000000000000044 ) ) ;
#2754 = DIRECTION ( 'NONE',  ( -0.000000000000000000, -0.000000000000000000, 1.000000000000000000 ) ) ;
#2755 = ORIENTED_EDGE ( 'NONE', *, *, #3093, .T. ) ;
#2756 = EDGE_CURVE ( 'NONE', #2293, #2550, #2347, .T. ) ;
#2757 = CARTESIAN_POINT ( 'NONE',  ( 0.000000000000000000, 1.200000000000000030E-05, 0.000000000000000000 ) ) ;
#2758 = ORIENTED_EDGE ( 'NONE', *, *, #653, .F. ) ;
#2759 = CARTESIAN_POINT ( 'NONE',  ( 0.000000000000000000, -0.7390083445627211312, 1.280000000000001137 ) ) ;
#2760 = VERTEX_POINT ( 'NONE', #1748 ) ;
#2761 = DIRECTION ( 'NONE',  ( 0.000000000000000000, 0.000000000000000000, 1.000000000000000000 ) ) ;
#2762 = DIRECTION ( 'NONE',  ( 0.000000000000000000, 1.000000000000000000, 0.000000000000000000 ) ) ;
#2763 = LINE ( 'NONE', #2446, #1918 ) ;
#2764 = SHAPE_DEFINITION_REPRESENTATION ( #2645, #2271 ) ;
#2765 = DIRECTION ( 'NONE',  ( 0.000000000000000000, 0.000000000000000000, 1.000000000000000000 ) ) ;
#2766 = LINE ( 'NONE', #2714, #1246 ) ;
#2767 = DIRECTION ( 'NONE',  ( 0.000000000000000000, 1.000000000000000000, 0.000000000000000000 ) ) ;
#2768 = EDGE_CURVE ( 'NONE', #1684, #2106, #463, .T. ) ;
#2769 = VERTEX_POINT ( 'NONE', #1733 ) ;
#2770 = AXIS2_PLACEMENT_3D ( 'NONE', #2843, #1074, #2063 ) ;
#2771 = DIRECTION ( 'NONE',  ( 0.000000000000000000, 0.000000000000000000, 1.000000000000000000 ) ) ;
#2772 = ORIENTED_EDGE ( 'NONE', *, *, #796, .F. ) ;
#2773 = LINE ( 'NONE', #1025, #649 ) ;
#2774 = EDGE_CURVE ( 'NONE', #3123, #346, #1341, .T. ) ;
#2775 = ORIENTED_EDGE ( 'NONE', *, *, #1886, .F. ) ;
#2776 = AXIS2_PLACEMENT_3D ( 'NONE', #1432, #1207, #1187 ) ;
#2777 = CARTESIAN_POINT ( 'NONE',  ( 33.00000000000000000, 0.000000000000000000, 0.000000000000000000 ) ) ;
#2778 = CLOSED_SHELL ( 'NONE', ( #2633, #517, #2009, #1234, #1155, #1022, #2250, #938, #34, #1614, #2930, #512, #906, #112, #1659, #1803, #1176, #2552, #2370, #737, #1078, #2690, #147, #3073, #1633, #666, #1480, #1743 ) ) ;
#2779 = CIRCLE ( 'NONE', #1087, 1.279999999999999805 ) ;
#2780 = CARTESIAN_POINT ( 'NONE',  ( -2.750000000000000000, -1.587713240271473092, -0.2456200930618641920 ) ) ;
#2781 = FACE_OUTER_BOUND ( 'NONE', #1237, .T. ) ;
#2782 = EDGE_CURVE ( 'NONE', #498, #3035, #1711, .T. ) ;
#2783 = DIRECTION ( 'NONE',  ( -1.000000000000000000, 0.000000000000000000, 0.000000000000000000 ) ) ;
#2784 = DIRECTION ( 'NONE',  ( 1.715124499442882891E-15, -6.938893903904285557E-18, 1.000000000000000000 ) ) ;
#2785 = EDGE_LOOP ( 'NONE', ( #2758, #2198, #385, #2221 ) ) ;
#2786 = DIRECTION ( 'NONE',  ( -1.000000000000000000, -0.000000000000000000, -0.000000000000000000 ) ) ;
#2787 = APPLICATION_CONTEXT ( 'automotive_design' ) ;
#2788 = CARTESIAN_POINT ( 'NONE',  ( 2.749999999999998668, 1.070896984529283946, -1.690208611084169199 ) ) ;
#2789 = DIRECTION ( 'NONE',  ( 0.000000000000000000, 1.000000000000000000, 0.000000000000000000 ) ) ;
#2790 = VECTOR ( 'NONE', #1374, 1000.000000000000000 ) ;
#2791 = ORIENTED_EDGE ( 'NONE', *, *, #1416, .T. ) ;
#2792 = AXIS2_PLACEMENT_3D ( 'NONE', #1931, #2694, #2128 ) ;
#2793 = DIRECTION ( 'NONE',  ( -1.000000000000000000, -0.000000000000000000, -0.000000000000000000 ) ) ;
#2794 = VERTEX_POINT ( 'NONE', #1485 ) ;
#2795 = CONICAL_SURFACE ( 'NONE', #3104, 2.750000000000000000, 1.047197551196595633 ) ;
#2796 = ORIENTED_EDGE ( 'NONE', *, *, #2814, .T. ) ;
#2797 = EDGE_CURVE ( 'NONE', #2539, #2688, #1449, .T. ) ;
#2798 = AXIS2_PLACEMENT_3D ( 'NONE', #239, #1221, #1430 ) ;
#2799 =( NAMED_UNIT ( * ) PLANE_ANGLE_UNIT ( ) SI_UNIT ( $, .RADIAN. ) );
#2800 = CARTESIAN_POINT ( 'NONE',  ( 1.300000000000000044, -1.478016689125444261, 1.409462824231155764E-15 ) ) ;
#2801 = EDGE_CURVE ( 'NONE', #3054, #3148, #2004, .T. ) ;
#2802 = CARTESIAN_POINT ( 'NONE',  ( 33.00000000000000000, 0.000000000000000000, 1.219500000000000028 ) ) ;
#2803 = ITEM_DEFINED_TRANSFORMATION ( 'NONE', 'NONE', #1652,  #2670 ) ;
#2804 = ORIENTED_EDGE ( 'NONE', *, *, #2869, .F. ) ;
#2805 = CARTESIAN_POINT ( 'NONE',  ( -1.141614847838142266, 2.516314840832717614, -1.800000000000000711 ) ) ;
#2806 = ORIENTED_EDGE ( 'NONE', *, *, #2801, .T. ) ;
#2807 = CARTESIAN_POINT ( 'NONE',  ( -40.00000000000000000, 0.000000000000000000, -3.469446951953614189E-15 ) ) ;
#2808 = ORIENTED_EDGE ( 'NONE', *, *, #773, .T. ) ;
#2809 = DIRECTION ( 'NONE',  ( 0.000000000000000000, 0.000000000000000000, 1.000000000000000000 ) ) ;
#2810 = DIRECTION ( 'NONE',  ( -0.000000000000000000, -1.000000000000000000, -0.000000000000000000 ) ) ;
#2811 = CARTESIAN_POINT ( 'NONE',  ( 3.000000000000006217, 0.000000000000000000, -1.600000000000000977 ) ) ;
#2812 = ORIENTED_EDGE ( 'NONE', *, *, #1376, .F. ) ;
#2813 = LINE ( 'NONE', #1551, #1730 ) ;
#2814 = EDGE_CURVE ( 'NONE', #2106, #2168, #1238, .T. ) ;
#2815 = DIRECTION ( 'NONE',  ( 0.000000000000000000, 0.000000000000000000, 1.000000000000000000 ) ) ;
#2816 = ADVANCED_FACE ( 'NONE', ( #1170 ), #223, .F. ) ;
#2817 = VERTEX_POINT ( 'NONE', #931 ) ;
#2818 = FACE_OUTER_BOUND ( 'NONE', #129, .T. ) ;
#2819 = EDGE_LOOP ( 'NONE', ( #1916, #1759, #1981, #1826 ) ) ;
#2820 = DIRECTION ( 'NONE',  ( 0.8660254037844385966, 0.5000000000000001110, 0.000000000000000000 ) ) ;
#2821 = AXIS2_PLACEMENT_3D ( 'NONE', #904, #857, #2145 ) ;
#2822 = LINE ( 'NONE', #3023, #368 ) ;
#2823 = FACE_BOUND ( 'NONE', #2502, .T. ) ;
#2824 = AXIS2_PLACEMENT_3D ( 'NONE', #3128, #2906, #2888 ) ;
#2825 = CARTESIAN_POINT ( 'NONE',  ( -1.500000000000000000, 0.000000000000000000, -1.774599999999997735 ) ) ;
#2826 = CARTESIAN_POINT ( 'NONE',  ( 1.375000000000001998, 2.381569860407204864, -1.800000000000000044 ) ) ;
#2827 = ITEM_DEFINED_TRANSFORMATION ( 'NONE', 'NONE', #1561,  #2670 ) ;
#2828 = ORIENTED_EDGE ( 'NONE', *, *, #2310, .F. ) ;
#2829 = FACE_OUTER_BOUND ( 'NONE', #2487, .T. ) ;
#2830 = EDGE_CURVE ( 'NONE', #1069, #3027, #1930, .T. ) ;
#2831 = DIRECTION ( 'NONE',  ( 0.000000000000000000, 1.000000000000000000, 0.000000000000000000 ) ) ;
#2832 = ORIENTED_EDGE ( 'NONE', *, *, #1673, .T. ) ;
#2833 = UNCERTAINTY_MEASURE_WITH_UNIT (LENGTH_MEASURE( 1.000000000000000082E-05 ), #1790, 'distance_accuracy_value', 'NONE');
#2834 = ADVANCED_FACE ( 'NONE', ( #1678, #449 ), #1470, .T. ) ;
#2835 = AXIS2_PLACEMENT_3D ( 'NONE', #1312, #2589, #1866 ) ;
#2836 = DIRECTION ( 'NONE',  ( 0.000000000000000000, 0.000000000000000000, 1.000000000000000000 ) ) ;
#2837 = EDGE_LOOP ( 'NONE', ( #2937, #298, #816 ) ) ;
#2838 = ORIENTED_EDGE ( 'NONE', *, *, #2348, .F. ) ;
#2839 = PLANE ( 'NONE',  #267 ) ;
#2840 = COLOUR_RGB ( '',0.7921568627450980005, 0.8196078431372548767, 0.9333333333333333481 ) ;
#2841 = DIRECTION ( 'NONE',  ( -0.000000000000000000, -0.000000000000000000, 1.000000000000000000 ) ) ;
#2842 = AXIS2_PLACEMENT_3D ( 'NONE', #2000, #1203, #3007 ) ;
#2843 = CARTESIAN_POINT ( 'NONE',  ( -31.74999999999995737, 0.000000000000000000, 0.000000000000000000 ) ) ;
#2844 = ITEM_DEFINED_TRANSFORMATION ( 'NONE', 'NONE', #106,  #2670 ) ;
#2845 = ORIENTED_EDGE ( 'NONE', *, *, #760, .F. ) ;
#2846 = CARTESIAN_POINT ( 'NONE',  ( 0.1499999999999973577, 0.000000000000000000, 0.000000000000000000 ) ) ;
#2847 = MANIFOLD_SOLID_BREP ( 'Chamfer1', #3185 ) ;
#2848 = DIRECTION ( 'NONE',  ( 0.000000000000000000, 1.000000000000000000, 0.000000000000000000 ) ) ;
#2849 = ORIENTED_EDGE ( 'NONE', *, *, #2104, .F. ) ;
#2850 = EDGE_CURVE ( 'NONE', #1801, #2042, #2192, .T. ) ;
#2851 = PLANE ( 'NONE',  #738 ) ;
#2852 = ORIENTED_EDGE ( 'NONE', *, *, #2223, .T. ) ;
#2853 = ORIENTED_EDGE ( 'NONE', *, *, #792, .F. ) ;
#2854 = EDGE_CURVE ( 'NONE', #2969, #853, #1071, .T. ) ;
#2855 = DIRECTION ( 'NONE',  ( -1.000000000000000000, 0.000000000000000000, 0.000000000000000000 ) ) ;
#2856 = FACE_BOUND ( 'NONE', #1297, .T. ) ;
#2857 = DIRECTION ( 'NONE',  ( 0.000000000000000000, 1.000000000000000000, 0.000000000000000000 ) ) ;
#2858 = FACE_OUTER_BOUND ( 'NONE', #579, .T. ) ;
#2859 = CARTESIAN_POINT ( 'NONE',  ( 1.300000000000000044, 0.7390083445627172454, -1.280000000000001137 ) ) ;
#2860 = SHAPE_REPRESENTATION_RELATIONSHIP ( 'NONE' , 'NONE' ,  #2306, #1214 ) ;
#2861 = DIRECTION ( 'NONE',  ( 0.000000000000000000, 0.000000000000000000, -1.000000000000000000 ) ) ;
#2862 = ORIENTED_EDGE ( 'NONE', *, *, #73, .T. ) ;
#2863 = UNCERTAINTY_MEASURE_WITH_UNIT (LENGTH_MEASURE( 1.000000000000000082E-05 ), #1810, 'distance_accuracy_value', 'NONE');
#2864 = CARTESIAN_POINT ( 'NONE',  ( -1.375000000000000888, 2.381569860407206196, -1.800000000000000044 ) ) ;
#2865 = EDGE_CURVE ( 'NONE', #2769, #1672, #1410, .T. ) ;
#2866 = ORIENTED_EDGE ( 'NONE', *, *, #1757, .T. ) ;
#2867 = ORIENTED_EDGE ( 'NONE', *, *, #1121, .F. ) ;
#2868 = DIRECTION ( 'NONE',  ( 0.000000000000000000, 0.000000000000000000, -1.000000000000000000 ) ) ;
#2869 = EDGE_CURVE ( 'NONE', #3035, #1669, #2822, .T. ) ;
#2870 = FACE_BOUND ( 'NONE', #2085, .T. ) ;
#2871 = CIRCLE ( 'NONE', #2179, 1.750000000000001554 ) ;
#2872 = DIRECTION ( 'NONE',  ( -1.000000000000000000, -0.000000000000000000, -0.000000000000000000 ) ) ;
#2873 = CARTESIAN_POINT ( 'NONE',  ( 1.300000000000000044, 1.478016689125441596, -2.059984127722458425E-15 ) ) ;
#2874 = FACE_OUTER_BOUND ( 'NONE', #266, .T. ) ;
#2875 = CIRCLE ( 'NONE', #1448, 2.750000000000000000 ) ;
#2876 = PRODUCT_DEFINITION_SHAPE ( 'NONE', 'NONE',  #1937 ) ;
#2877 = MANIFOLD_SOLID_BREP ( 'EndChamfer', #2778 ) ;
#2878 = CARTESIAN_POINT ( 'NONE',  ( 1.608385152161859732, 2.246824879981693002, -1.800000000000001599 ) ) ;
#2879 = CIRCLE ( 'NONE', #472, 2.750000000000000000 ) ;
#2880 = AXIS2_PLACEMENT_3D ( 'NONE', #855, #1847, #2855 ) ;
#2881 = DIRECTION ( 'NONE',  ( -0.6030171394806899121, 0.7977282303469811486, 9.787383182760372925E-16 ) ) ;
#2882 = DIRECTION ( 'NONE',  ( -1.000000000000000000, 0.000000000000000000, 0.000000000000000000 ) ) ;
#2883 = ORIENTED_EDGE ( 'NONE', *, *, #831, .T. ) ;
#2884 = DIRECTION ( 'NONE',  ( 0.000000000000000000, 0.000000000000000000, -1.000000000000000000 ) ) ;
#2885 = VERTEX_POINT ( 'NONE', #308 ) ;
#2886 = AXIS2_PLACEMENT_3D ( 'NONE', #1919, #214, #475 ) ;
#2887 = EDGE_LOOP ( 'NONE', ( #401, #1591, #82, #2277 ) ) ;
#2888 = DIRECTION ( 'NONE',  ( 0.000000000000000000, 0.000000000000000000, 1.000000000000000000 ) ) ;
#2889 =( REPRESENTATION_RELATIONSHIP ('NONE','NONE', #1394, #2069 ) REPRESENTATION_RELATIONSHIP_WITH_TRANSFORMATION ( #2612 )SHAPE_REPRESENTATION_RELATIONSHIP( ) );
#2890 = PLANE ( 'NONE',  #3106 ) ;
#2891 = AXIS2_PLACEMENT_3D ( 'NONE', #1115, #2831, #1620 ) ;
#2892 = EDGE_CURVE ( 'NONE', #1262, #218, #3068, .T. ) ;
#2893 = AXIS2_PLACEMENT_3D ( 'NONE', #1335, #2587, #2096 ) ;
#2894 = FACE_OUTER_BOUND ( 'NONE', #3110, .T. ) ;
#2895 = CARTESIAN_POINT ( 'NONE',  ( -2.750000000000000000, 0.000000000000000000, -1.800000000000000044 ) ) ;
#2896 = CARTESIAN_POINT ( 'NONE',  ( 2.750000000000000000, 1.330988860919480210, -0.1715101482986575443 ) ) ;
#2897 = AXIS2_PLACEMENT_3D ( 'NONE', #1287, #3129, #2921 ) ;
#2898 = EDGE_CURVE ( 'NONE', #712, #1262, #735, .T. ) ;
#2899 = CARTESIAN_POINT ( 'NONE',  ( -10.50000000000000178, 0.000000000000000000, 5.999999999999996447 ) ) ;
#2900 = AXIS2_PLACEMENT_3D ( 'NONE', #2439, #1978, #3211 ) ;
#2901 = DIRECTION ( 'NONE',  ( 0.9391489854318599839, 0.3435100917910681728, -1.610757433541111048E-15 ) ) ;
#2902 = DIRECTION ( 'NONE',  ( -1.000000000000000000, 0.000000000000000000, 0.000000000000000000 ) ) ;
#2903 = ORIENTED_EDGE ( 'NONE', *, *, #1044, .F. ) ;
#2904 = EDGE_LOOP ( 'NONE', ( #860, #2326, #1708, #1482 ) ) ;
#2905 = EDGE_LOOP ( 'NONE', ( #1182, #1592, #875, #790 ) ) ;
#2906 = DIRECTION ( 'NONE',  ( -0.000000000000000000, -1.000000000000000000, -0.000000000000000000 ) ) ;
#2907 = CARTESIAN_POINT ( 'NONE',  ( 1.300000000000000044, 1.478016689125441596, -2.059984127722458425E-15 ) ) ;
#2908 =( REPRESENTATION_RELATIONSHIP ('NONE','NONE', #1394, #411 ) REPRESENTATION_RELATIONSHIP_WITH_TRANSFORMATION ( #81 )SHAPE_REPRESENTATION_RELATIONSHIP( ) );
#2909 = DIRECTION ( 'NONE',  ( -0.000000000000000000, -1.000000000000000000, -0.000000000000000000 ) ) ;
#2910 = DIRECTION ( 'NONE',  ( 0.000000000000000000, 0.000000000000000000, 1.000000000000000000 ) ) ;
#2911 = CARTESIAN_POINT ( 'NONE',  ( 2.525629923208372318, 1.717253364505212376, -1.629169932536022936 ) ) ;
#2912 =( NAMED_UNIT ( * ) SI_UNIT ( $, .STERADIAN. ) SOLID_ANGLE_UNIT ( ) );
#2913 = PLANE ( 'NONE',  #748 ) ;
#2914 = EDGE_CURVE ( 'NONE', #2919, #2473, #794, .T. ) ;
#2915 = EDGE_CURVE ( 'NONE', #1057, #1909, #2875, .T. ) ;
#2916 = ORIENTED_EDGE ( 'NONE', *, *, #3154, .F. ) ;
#2917 = DIRECTION ( 'NONE',  ( -1.000000000000000000, 0.000000000000000000, -0.000000000000000000 ) ) ;
#2918 = EDGE_CURVE ( 'NONE', #2980, #2885, #55, .T. ) ;
#2919 = VERTEX_POINT ( 'NONE', #2281 ) ;
#2920 = VERTEX_POINT ( 'NONE', #1628 ) ;
#2921 = DIRECTION ( 'NONE',  ( 0.000000000000000000, 0.000000000000000000, 1.000000000000000000 ) ) ;
#2922 = CARTESIAN_POINT ( 'NONE',  ( 0.000000000000000000, 0.000000000000000000, -38.25000000000000000 ) ) ;
#2923 = DIRECTION ( 'NONE',  ( 0.000000000000000000, 0.8660254037844380415, -0.5000000000000011102 ) ) ;
#2924 = CIRCLE ( 'NONE', #625, 2.750000000000000000 ) ;
#2925 = CARTESIAN_POINT ( 'NONE',  ( -10.50000000000000178, 0.000000000000000000, 5.999999999999996447 ) ) ;
#2926 = CARTESIAN_POINT ( 'NONE',  ( 1.375000000000000000, -2.381569860407206196, -1.800000000000000044 ) ) ;
#2927 = AXIS2_PLACEMENT_3D ( 'NONE', #732, #2709, #2447 ) ;
#2928 = AXIS2_PLACEMENT_3D ( 'NONE', #2091, #2627, #2606 ) ;
#2929 = ORIENTED_EDGE ( 'NONE', *, *, #3032, .F. ) ;
#2930 = ADVANCED_FACE ( 'NONE', ( #213 ), #1583, .T. ) ;
#2931 = AXIS2_PLACEMENT_3D ( 'NONE', #1959, #1688, #2667 ) ;
#2932 = VECTOR ( 'NONE', #1858, 1000.000000000000000 ) ;
#2933 = ORIENTED_EDGE ( 'NONE', *, *, #3078, .T. ) ;
#2934 = VECTOR ( 'NONE', #2793, 1000.000000000000000 ) ;
#2935 = ORIENTED_EDGE ( 'NONE', *, *, #2998, .F. ) ;
#2936 = EDGE_CURVE ( 'NONE', #853, #1446, #2391, .T. ) ;
#2937 = ORIENTED_EDGE ( 'NONE', *, *, #150, .T. ) ;
#2938 = DIRECTION ( 'NONE',  ( 1.000000000000000000, 0.000000000000000000, 0.000000000000000000 ) ) ;
#2939 = VECTOR ( 'NONE', #429, 1000.000000000000000 ) ;
#2940 = CARTESIAN_POINT ( 'NONE',  ( 5.510910596163087978E-15, 2.000000000000000000, 44.99999999999999289 ) ) ;
#2941 = CIRCLE ( 'NONE', #2576, 1.250000000000000000 ) ;
#2942 = CARTESIAN_POINT ( 'NONE',  ( 0.000000000000000000, 2.000000000000000000, 0.000000000000000000 ) ) ;
#2943 = AXIS2_PLACEMENT_3D ( 'NONE', #1051, #814, #1802 ) ;
#2944 = DIRECTION ( 'NONE',  ( 0.5000000000000008882, 0.8660254037844381525, -0.000000000000000000 ) ) ;
#2945 = CARTESIAN_POINT ( 'NONE',  ( 40.00000000000000000, 7.232772225137041330E-14, -6.860497997771531562E-14 ) ) ;
#2946 = CARTESIAN_POINT ( 'NONE',  ( -4.987329993433320396E-15, -3.175426480542942631, -1.554379906938135658 ) ) ;
#2947 = AXIS2_PLACEMENT_3D ( 'NONE', #1950, #2463, #2019 ) ;
#2948 = ORIENTED_EDGE ( 'NONE', *, *, #1304, .F. ) ;
#2949 = AXIS2_PLACEMENT_3D ( 'NONE', #2080, #945, #1466 ) ;
#2950 = CARTESIAN_POINT ( 'NONE',  ( 0.000000000000000000, 20.00000000000000000, 0.000000000000000000 ) ) ;
#2951 = EDGE_LOOP ( 'NONE', ( #1853, #1327, #2169, #604 ) ) ;
#2952 = ORIENTED_EDGE ( 'NONE', *, *, #1133, .F. ) ;
#2953 =( REPRESENTATION_RELATIONSHIP ('NONE','NONE', #1394, #411 ) REPRESENTATION_RELATIONSHIP_WITH_TRANSFORMATION ( #1062 )SHAPE_REPRESENTATION_RELATIONSHIP( ) );
#2954 = FACE_OUTER_BOUND ( 'NONE', #2269, .T. ) ;
#2955 = DIRECTION ( 'NONE',  ( -0.000000000000000000, 1.000000000000000000, -0.000000000000000000 ) ) ;
#2956 = ADVANCED_FACE ( 'NONE', ( #1366 ), #2658, .F. ) ;
#2957 = EDGE_LOOP ( 'NONE', ( #1823, #2013, #2929 ) ) ;
#2958 = DIRECTION ( 'NONE',  ( -1.000000000000000000, 0.000000000000000000, 0.000000000000000000 ) ) ;
#2959 = FACE_BOUND ( 'NONE', #2240, .T. ) ;
#2960 = PRODUCT_DEFINITION_SHAPE ( 'NONE', 'NONE',  #3235 ) ;
#2961 = CARTESIAN_POINT ( 'NONE',  ( -4.987329993433320396E-15, -3.175426480542942631, -1.554379906938135658 ) ) ;
#2962 = APPLICATION_PROTOCOL_DEFINITION ( 'draft international standard', 'automotive_design', 1998, #624 ) ;
#2963 = CARTESIAN_POINT ( 'NONE',  ( 2.750000000000000000, 1.587713240271468873, -1.800000000000000044 ) ) ;
#2964 = SHAPE_REPRESENTATION ( 'Leg', ( #2670 ), #1926 ) ;
#2965 = VERTEX_POINT ( 'NONE', #148 ) ;
#2966 = CARTESIAN_POINT ( 'NONE',  ( 0.000000000000000000, 0.000000000000000000, 0.000000000000000000 ) ) ;
#2967 = DIRECTION ( 'NONE',  ( 0.000000000000000000, 0.000000000000000000, -1.000000000000000000 ) ) ;
#2968 = ORIENTED_EDGE ( 'NONE', *, *, #1541, .F. ) ;
#2969 = VERTEX_POINT ( 'NONE', #135 ) ;
#2970 = DIRECTION ( 'NONE',  ( 0.000000000000000000, 0.000000000000000000, 1.000000000000000000 ) ) ;
#2971 = CARTESIAN_POINT ( 'NONE',  ( 40.00000000000000000, 2.000000000000000000, 1.750000000000001776 ) ) ;
#2972 = EDGE_LOOP ( 'NONE', ( #222, #1498 ) ) ;
#2973 = EDGE_CURVE ( 'NONE', #2715, #2410, #1980, .T. ) ;
#2974 = DIRECTION ( 'NONE',  ( -0.000000000000000000, -1.000000000000000000, -0.000000000000000000 ) ) ;
#2975 = FACE_OUTER_BOUND ( 'NONE', #706, .T. ) ;
#2976 = EDGE_CURVE ( 'NONE', #1166, #736, #1396, .T. ) ;
#2977 = CARTESIAN_POINT ( 'NONE',  ( 3.000000000000006217, 0.000000000000000000, 0.000000000000000000 ) ) ;
#2978 = DIRECTION ( 'NONE',  ( -0.3957342950827482664, 0.9183650514339928295, 6.371002213427347392E-16 ) ) ;
#2979 = FACE_OUTER_BOUND ( 'NONE', #3207, .T. ) ;
#2980 = VERTEX_POINT ( 'NONE', #1330 ) ;
#2981 = DIRECTION ( 'NONE',  ( 0.000000000000000000, 0.000000000000000000, 1.000000000000000000 ) ) ;
#2982 = DIRECTION ( 'NONE',  ( 0.000000000000000000, 1.000000000000000000, 0.000000000000000000 ) ) ;
#2983 = VERTEX_POINT ( 'NONE', #2595 ) ;
#2984 = VECTOR ( 'NONE', #2868, 1000.000000000000000 ) ;
#2985 = CARTESIAN_POINT ( 'NONE',  ( -40.00000000000000000, 2.000000000000000000, -1.750000000000006883 ) ) ;
#2986 = EDGE_LOOP ( 'NONE', ( #2389, #1791 ) ) ;
#2987 = AXIS2_PLACEMENT_3D ( 'NONE', #1998, #1543, #2528 ) ;
#2988 = CARTESIAN_POINT ( 'NONE',  ( -10.50000000000000178, 2.000000000000000000, 5.999999999999996447 ) ) ;
#2989 = PRODUCT_DEFINITION_SHAPE ( 'NONE', 'NONE',  #3228 ) ;
#2990 = VERTEX_POINT ( 'NONE', #626 ) ;
#2991 = PLANE ( 'NONE',  #835 ) ;
#2992 = CARTESIAN_POINT ( 'NONE',  ( 1.084202172485504434E-15, 3.175426480542943075, -0.2456200930618641920 ) ) ;
#2993 = EDGE_CURVE ( 'NONE', #3175, #1119, #1658, .T. ) ;
#2994 = AXIS2_PLACEMENT_3D ( 'NONE', #1146, #454, #1437 ) ;
#2995 = PLANE ( 'NONE',  #3178 ) ;
#2996 = APPLICATION_PROTOCOL_DEFINITION ( 'draft international standard', 'automotive_design', 1998, #2122 ) ;
#2997 = DIRECTION ( 'NONE',  ( -0.000000000000000000, 1.000000000000000000, -0.000000000000000000 ) ) ;
#2998 = EDGE_CURVE ( 'NONE', #2117, #1037, #103, .T. ) ;
#2999 = ORIENTED_EDGE ( 'NONE', *, *, #206, .F. ) ;
#3000 = VECTOR ( 'NONE', #856, 999.9999999999998863 ) ;
#3001 = CARTESIAN_POINT ( 'NONE',  ( 1.300000000000000044, 0.7390083445627172454, -1.280000000000001137 ) ) ;
#3002 = ORIENTED_EDGE ( 'NONE', *, *, #884, .F. ) ;
#3003 = VECTOR ( 'NONE', #2810, 1000.000000000000000 ) ;
#3004 = UNCERTAINTY_MEASURE_WITH_UNIT (LENGTH_MEASURE( 1.000000000000000082E-05 ), #1838, 'distance_accuracy_value', 'NONE');
#3005 = CARTESIAN_POINT ( 'NONE',  ( 1.375000000000000000, -2.381569860407206196, 0.000000000000000000 ) ) ;
#3006 = ORIENTED_EDGE ( 'NONE', *, *, #1841, .T. ) ;
#3007 = DIRECTION ( 'NONE',  ( 0.000000000000000000, 0.000000000000000000, -1.000000000000000000 ) ) ;
#3008 = ORIENTED_EDGE ( 'NONE', *, *, #1540, .T. ) ;
#3009 = CARTESIAN_POINT ( 'NONE',  ( 1.299999999999999156, 1.567547902908611839E-16, -1.279999999999999805 ) ) ;
#3010 = DIRECTION ( 'NONE',  ( -0.5000000000000037748, 0.000000000000000000, 0.8660254037844364872 ) ) ;
#3011 = CARTESIAN_POINT ( 'NONE',  ( 0.000000000000000000, 0.000000000000000000, -1.800000000000000044 ) ) ;
#3012 = PRODUCT_CONTEXT ( 'NONE', #3174, 'mechanical' ) ;
#3013 = CARTESIAN_POINT ( 'NONE',  ( 1.500000000000000000, 0.000000000000000000, 2.710505431213761085E-17 ) ) ;
#3014 = ADVANCED_FACE ( 'NONE', ( #2201 ), #421, .T. ) ;
#3015 = CARTESIAN_POINT ( 'NONE',  ( 0.000000000000000000, 20.00000000000000000, -3.499999999999996003 ) ) ;
#3016 =( NAMED_UNIT ( * ) SI_UNIT ( $, .STERADIAN. ) SOLID_ANGLE_UNIT ( ) );
#3017 = ORIENTED_EDGE ( 'NONE', *, *, #1320, .T. ) ;
#3018 = ADVANCED_FACE ( 'NONE', ( #3205 ), #2839, .T. ) ;
#3019 = DIRECTION ( 'NONE',  ( 0.000000000000000000, 0.000000000000000000, 1.000000000000000000 ) ) ;
#3020 = EDGE_LOOP ( 'NONE', ( #2477, #1429 ) ) ;
#3021 = DIRECTION ( 'NONE',  ( -0.000000000000000000, 1.000000000000000000, -0.000000000000000000 ) ) ;
#3022 = EDGE_LOOP ( 'NONE', ( #2058, #3219 ) ) ;
#3023 = CARTESIAN_POINT ( 'NONE',  ( -1.500000000000000000, 0.000000000000000000, -1.774599999999997735 ) ) ;
#3024 = CARTESIAN_POINT ( 'NONE',  ( 0.000000000000000000, 0.000000000000000000, -40.00000000000000000 ) ) ;
#3025 = CYLINDRICAL_SURFACE ( 'NONE', #2770, 2.749999999999999112 ) ;
#3026 = PRODUCT_CONTEXT ( 'NONE', #624, 'mechanical' ) ;
#3027 = VERTEX_POINT ( 'NONE', #878 ) ;
#3028 = DIRECTION ( 'NONE',  ( -0.8660254037844384856, -0.5000000000000003331, 0.000000000000000000 ) ) ;
#3029 = DIRECTION ( 'NONE',  ( 0.000000000000000000, 1.000000000000000000, 0.000000000000000000 ) ) ;
#3030 = FACE_BOUND ( 'NONE', #2972, .T. ) ;
#3031 = ORIENTED_EDGE ( 'NONE', *, *, #811, .T. ) ;
#3032 = EDGE_CURVE ( 'NONE', #1891, #2293, #2511, .T. ) ;
#3033 = VECTOR ( 'NONE', #557, 999.9999999999998863 ) ;
#3034 = CARTESIAN_POINT ( 'NONE',  ( 40.00000000000000000, 2.000000000000000000, -1.734723475976807094E-15 ) ) ;
#3035 = VERTEX_POINT ( 'NONE', #418 ) ;
#3036 = PLANE ( 'NONE',  #1364 ) ;
#3037 =( GEOMETRIC_REPRESENTATION_CONTEXT ( 3 ) GLOBAL_UNCERTAINTY_ASSIGNED_CONTEXT ( ( #2744 ) ) GLOBAL_UNIT_ASSIGNED_CONTEXT ( ( #262, #1474, #2485 ) ) REPRESENTATION_CONTEXT ( 'NONE', 'WORKASPACE' ) );
#3038 = STYLED_ITEM ( 'NONE', ( #325 ), #2877 ) ;
#3039 = CARTESIAN_POINT ( 'NONE',  ( -1.224999999999999423, 1.500192328955507192E-16, -0.1925570730076722747 ) ) ;
#3040 = EDGE_CURVE ( 'NONE', #2980, #712, #104, .T. ) ;
#3041 = AXIS2_PLACEMENT_3D ( 'NONE', #3133, #2112, #1944 ) ;
#3042 = CIRCLE ( 'NONE', #2301, 1.749999999999994671 ) ;
#3043 = SURFACE_STYLE_USAGE ( .BOTH. , #1318 ) ;
#3044 = DIRECTION ( 'NONE',  ( 0.000000000000000000, -0.000000000000000000, 1.000000000000000000 ) ) ;
#3045 = AXIS2_PLACEMENT_3D ( 'NONE', #1326, #2602, #2135 ) ;
#3046 = DIRECTION ( 'NONE',  ( 0.000000000000000000, -0.000000000000000000, 1.000000000000000000 ) ) ;
#3047 = ORIENTED_EDGE ( 'NONE', *, *, #1044, .T. ) ;
#3048 = LINE ( 'NONE', #1475, #2735 ) ;
#3049 = DIRECTION ( 'NONE',  ( -0.000000000000000000, 1.000000000000000000, -0.000000000000000000 ) ) ;
#3050 = AXIS2_PLACEMENT_3D ( 'NONE', #1804, #590, #2815 ) ;
#3051 = ORIENTED_EDGE ( 'NONE', *, *, #417, .T. ) ;
#3052 = CARTESIAN_POINT ( 'NONE',  ( 1.300000000000000044, -0.7390083445627211312, 1.280000000000001137 ) ) ;
#3053 = PRODUCT_DEFINITION ( 'UNKNOWN', '', #929, #3069 ) ;
#3054 = VERTEX_POINT ( 'NONE', #354 ) ;
#3055 = DIRECTION ( 'NONE',  ( 0.000000000000000000, 0.000000000000000000, 1.000000000000000000 ) ) ;
#3056 = AXIS2_PLACEMENT_3D ( 'NONE', #1270, #2278, #1516 ) ;
#3057 = CARTESIAN_POINT ( 'NONE',  ( -1.608385152161861065, -2.246824879981696554, -1.800000000000000711 ) ) ;
#3058 = EDGE_CURVE ( 'NONE', #3148, #803, #2779, .T. ) ;
#3059 = FACE_OUTER_BOUND ( 'NONE', #896, .T. ) ;
#3060 = CARTESIAN_POINT ( 'NONE',  ( 3.000000000000002665, 0.000000000000000000, 2.749999999999999112 ) ) ;
#3061 = EDGE_CURVE ( 'NONE', #1794, #2339, #1897, .T. ) ;
#3062 = ORIENTED_EDGE ( 'NONE', *, *, #1376, .T. ) ;
#3063 = CARTESIAN_POINT ( 'NONE',  ( 0.000000000000000000, 0.000000000000000000, -1.800000000000000044 ) ) ;
#3064 = DIRECTION ( 'NONE',  ( 0.000000000000000000, 0.000000000000000000, 1.000000000000000000 ) ) ;
#3065 = EDGE_LOOP ( 'NONE', ( #1199, #2481, #2107, #329 ) ) ;
#3066 = LINE ( 'NONE', #3052, #1298 ) ;
#3067 = VERTEX_POINT ( 'NONE', #1643 ) ;
#3068 = B_SPLINE_CURVE_WITH_KNOTS ( 'NONE', 3,
 ( #3071, #820, #2073, #583, #841, #2780 ),
 .UNSPECIFIED., .F., .F.,
 ( 4, 2, 4 ),
 ( 0.001606744326298691853, 0.002406996759593250934, 0.003207249192887809582 ),
 .UNSPECIFIED. ) ;
#3069 = PRODUCT_DEFINITION_CONTEXT ( 'detailed design', #2787, 'design' ) ;
#3070 = ORIENTED_EDGE ( 'NONE', *, *, #1457, .T. ) ;
#3071 = CARTESIAN_POINT ( 'NONE',  ( -1.375000000000001776, -2.381569860407205308, 0.000000000000000000 ) ) ;
#3072 = SURFACE_SIDE_STYLE ('',( #60 ) ) ;
#3073 = ADVANCED_FACE ( 'NONE', ( #601 ), #1987, .T. ) ;
#3074 = DIRECTION ( 'NONE',  ( 0.000000000000000000, 0.000000000000000000, 1.000000000000000000 ) ) ;
#3075 = ITEM_DEFINED_TRANSFORMATION ( 'NONE', 'NONE', #2349,  #2670 ) ;
#3076 = ORIENTED_EDGE ( 'NONE', *, *, #2125, .T. ) ;
#3077 = FACE_OUTER_BOUND ( 'NONE', #873, .T. ) ;
#3078 = EDGE_CURVE ( 'NONE', #2357, #99, #582, .T. ) ;
#3079 = CARTESIAN_POINT ( 'NONE',  ( 40.00000000000000000, 2.000000000000000000, 1.750000000000001776 ) ) ;
#3080 = EDGE_LOOP ( 'NONE', ( #1954, #334 ) ) ;
#3081 = CARTESIAN_POINT ( 'NONE',  ( 40.00000000000000000, 0.000000000000000000, 1.750000000000001776 ) ) ;
#3082 = EDGE_LOOP ( 'NONE', ( #2653, #1728 ) ) ;
#3083 = VERTEX_POINT ( 'NONE', #287 ) ;
#3084 = VECTOR ( 'NONE', #2075, 1000.000000000000000 ) ;
#3085 = VECTOR ( 'NONE', #1519, 1000.000000000000000 ) ;
#3086 = FACE_BOUND ( 'NONE', #1963, .T. ) ;
#3087 = AXIS2_PLACEMENT_3D ( 'NONE', #3210, #2438, #3192 ) ;
#3088 = AXIS2_PLACEMENT_3D ( 'NONE', #2024, #1723, #248 ) ;
#3089 = DIRECTION ( 'NONE',  ( 0.000000000000000000, 0.000000000000000000, 1.000000000000000000 ) ) ;
#3090 = CONTEXT_DEPENDENT_SHAPE_REPRESENTATION ( #2553, #131 ) ;
#3091 = ORIENTED_EDGE ( 'NONE', *, *, #2768, .T. ) ;
#3092 = FACE_OUTER_BOUND ( 'NONE', #2017, .T. ) ;
#3093 = EDGE_CURVE ( 'NONE', #1833, #2388, #1452, .T. ) ;
#3094 = CIRCLE ( 'NONE', #1986, 1.750000000000001554 ) ;
#3095 = FACE_BOUND ( 'NONE', #1999, .T. ) ;
#3096 = ADVANCED_FACE ( 'NONE', ( #302 ), #719, .F. ) ;
#3097 = VERTEX_POINT ( 'NONE', #2736 ) ;
#3098 = CARTESIAN_POINT ( 'NONE',  ( 0.000000000000000000, 0.000000000000000000, 0.000000000000000000 ) ) ;
#3099 = ORIENTED_EDGE ( 'NONE', *, *, #921, .T. ) ;
#3100 = UNCERTAINTY_MEASURE_WITH_UNIT (LENGTH_MEASURE( 1.000000000000000082E-05 ), #1904, 'distance_accuracy_value', 'NONE');
#3101 = CARTESIAN_POINT ( 'NONE',  ( -6.259644161404842280E-16, -3.175426480542945296, -1.800000000000000044 ) ) ;
#3102 = ADVANCED_BREP_SHAPE_REPRESENTATION ( '', ( #617, #2670 ), #1926 ) ;
#3103 = DIRECTION ( 'NONE',  ( -1.000000000000000000, -0.000000000000000000, -0.000000000000000000 ) ) ;
#3104 = AXIS2_PLACEMENT_3D ( 'NONE', #1829, #2841, #1568 ) ;
#3105 = CARTESIAN_POINT ( 'NONE',  ( 0.000000000000000000, 1.478016689125441596, -2.059984127722458425E-15 ) ) ;
#3106 = AXIS2_PLACEMENT_3D ( 'NONE', #2907, #2938, #2170 ) ;
#3107 = CYLINDRICAL_SURFACE ( 'NONE', #2821, 1.500000000000000000 ) ;
#3108 = DIRECTION ( 'NONE',  ( -0.000000000000000000, -0.000000000000000000, 1.000000000000000000 ) ) ;
#3109 = DIRECTION ( 'NONE',  ( 0.000000000000000000, 1.000000000000000000, 0.000000000000000000 ) ) ;
#3110 = EDGE_LOOP ( 'NONE', ( #1610, #316, #1468 ) ) ;
#3111 = EDGE_CURVE ( 'NONE', #704, #159, #1190, .T. ) ;
#3112 = DIRECTION ( 'NONE',  ( 0.000000000000000000, 0.000000000000000000, -1.000000000000000000 ) ) ;
#3113 = ORIENTED_EDGE ( 'NONE', *, *, #1638, .T. ) ;
#3114 = VERTEX_POINT ( 'NONE', #35 ) ;
#3115 = DIRECTION ( 'NONE',  ( 0.000000000000000000, 0.000000000000000000, 1.000000000000000000 ) ) ;
#3116 = LINE ( 'NONE', #419, #2685 ) ;
#3117 = DIRECTION ( 'NONE',  ( -1.000000000000000000, 0.000000000000000000, 0.000000000000000000 ) ) ;
#3118 = CARTESIAN_POINT ( 'NONE',  ( 0.000000000000000000, 0.000000000000000000, 0.000000000000000000 ) ) ;
#3119 = CARTESIAN_POINT ( 'NONE',  ( -0.4506121144344755192, 2.915265454974091508, -1.690910569535891694 ) ) ;
#3120 = DIRECTION ( 'NONE',  ( 0.000000000000000000, -0.000000000000000000, 1.000000000000000000 ) ) ;
#3121 = CARTESIAN_POINT ( 'NONE',  ( -40.00000000000000000, -6.813486991572560090E-14, 6.860497997771531562E-14 ) ) ;
#3122 = DIRECTION ( 'NONE',  ( 0.000000000000000000, 1.000000000000000000, 0.000000000000000000 ) ) ;
#3123 = VERTEX_POINT ( 'NONE', #786 ) ;
#3124 = CARTESIAN_POINT ( 'NONE',  ( -10.50000000000000178, 2.000000000000000000, 5.999999999999996447 ) ) ;
#3125 = VERTEX_POINT ( 'NONE', #3015 ) ;
#3126 = EDGE_CURVE ( 'NONE', #2983, #2293, #2766, .T. ) ;
#3127 = ORIENTED_EDGE ( 'NONE', *, *, #355, .T. ) ;
#3128 = CARTESIAN_POINT ( 'NONE',  ( 0.000000000000000000, 0.000000000000000000, 0.000000000000000000 ) ) ;
#3129 = DIRECTION ( 'NONE',  ( 0.000000000000000000, 1.000000000000000000, 0.000000000000000000 ) ) ;
#3130 = EDGE_CURVE ( 'NONE', #3172, #407, #1288, .T. ) ;
#3131 = CIRCLE ( 'NONE', #2235, 0.5000000000000000000 ) ;
#3132 = DIRECTION ( 'NONE',  ( 0.8191520442889937970, 1.003171929053527212E-16, -0.5735764363510431618 ) ) ;
#3133 = CARTESIAN_POINT ( 'NONE',  ( 0.000000000000000000, 0.000000000000000000, -1.800000000000000044 ) ) ;
#3134 = CARTESIAN_POINT ( 'NONE',  ( 0.000000000000000000, 0.000000000000000000, -38.25000000000000000 ) ) ;
#3135 = CIRCLE ( 'NONE', #468, 2.750000000000000000 ) ;
#3136 = PRESENTATION_LAYER_ASSIGNMENT (  '', '', ( #3038 ) ) ;
#3137 = PRODUCT_DEFINITION_SHAPE ( 'NONE', 'NONE',  #2364 ) ;
#3138 = ADVANCED_BREP_SHAPE_REPRESENTATION ( '', ( #722, #2670 ), #1299 ) ;
#3139 = DIRECTION ( 'NONE',  ( -0.000000000000000000, 1.000000000000000000, -0.000000000000000000 ) ) ;
#3140 = AXIS2_PLACEMENT_3D ( 'NONE', #744, #2611, #2362 ) ;
#3141 = CIRCLE ( 'NONE', #3088, 0.1499999999999999667 ) ;
#3142 = CARTESIAN_POINT ( 'NONE',  ( -2.750000000000000000, 0.000000000000000000, 0.000000000000000000 ) ) ;
#3143 = ORIENTED_EDGE ( 'NONE', *, *, #846, .F. ) ;
#3144 = CARTESIAN_POINT ( 'NONE',  ( 0.000000000000000000, 0.7390083445627172454, -1.280000000000001137 ) ) ;
#3145 = EDGE_LOOP ( 'NONE', ( #3208, #2224, #2866, #1793 ) ) ;
#3146 = ORIENTED_EDGE ( 'NONE', *, *, #1133, .T. ) ;
#3147 = DIRECTION ( 'NONE',  ( -1.000000000000000000, 0.000000000000000000, 0.000000000000000000 ) ) ;
#3148 = VERTEX_POINT ( 'NONE', #1459 ) ;
#3149 = VECTOR ( 'NONE', #2684, 1000.000000000000000 ) ;
#3150 = EDGE_CURVE ( 'NONE', #407, #2275, #907, .T. ) ;
#3151 = AXIS2_PLACEMENT_3D ( 'NONE', #2661, #1679, #932 ) ;
#3152 = FACE_BOUND ( 'NONE', #1147, .T. ) ;
#3153 = LINE ( 'NONE', #2394, #1570 ) ;
#3154 = EDGE_CURVE ( 'NONE', #3148, #1067, #2010, .T. ) ;
#3155 = CARTESIAN_POINT ( 'NONE',  ( 1.300000000000000044, -1.478016689125444261, 1.409462824231155764E-15 ) ) ;
#3156 = DIRECTION ( 'NONE',  ( -0.000000000000000000, 1.000000000000000000, -0.000000000000000000 ) ) ;
#3157 = ORIENTED_EDGE ( 'NONE', *, *, #2470, .F. ) ;
#3158 = FILL_AREA_STYLE ('',( #2156 ) ) ;
#3159 = ORIENTED_EDGE ( 'NONE', *, *, #435, .F. ) ;
#3160 = VERTEX_POINT ( 'NONE', #2523 ) ;
#3161 = DIRECTION ( 'NONE',  ( -0.000000000000000000, -1.000000000000000000, -0.000000000000000000 ) ) ;
#3162 = PRODUCT_DEFINITION_SHAPE ( 'NONE', 'NONE',  #3236 ) ;
#3163 = CARTESIAN_POINT ( 'NONE',  ( 40.00000000000000000, 0.000000000000000000, 1.750000000000001776 ) ) ;
#3164 = CARTESIAN_POINT ( 'NONE',  ( 0.000000000000000000, 0.000000000000000000, 0.000000000000000000 ) ) ;
#3165 = EDGE_CURVE ( 'NONE', #2990, #3097, #3042, .T. ) ;
#3166 = DIRECTION ( 'NONE',  ( 0.000000000000000000, -1.000000000000000000, 1.320393690296332119E-15 ) ) ;
#3167 = SHAPE_REPRESENTATION_RELATIONSHIP ( 'NONE' , 'NONE' ,  #2069, #2190 ) ;
#3168 = FACE_OUTER_BOUND ( 'NONE', #2454, .T. ) ;
#3169 = EDGE_CURVE ( 'NONE', #2817, #2026, #838, .T. ) ;
#3170 = ORIENTED_EDGE ( 'NONE', *, *, #2343, .T. ) ;
#3171 = FACE_OUTER_BOUND ( 'NONE', #3082, .T. ) ;
#3172 = VERTEX_POINT ( 'NONE', #1754 ) ;
#3173 = ORIENTED_EDGE ( 'NONE', *, *, #1354, .F. ) ;
#3174 = APPLICATION_CONTEXT ( 'automotive_design' ) ;
#3175 = VERTEX_POINT ( 'NONE', #2273 ) ;
#3176 = DIRECTION ( 'NONE',  ( -0.000000000000000000, 1.000000000000000000, -0.000000000000000000 ) ) ;
#3177 = DIRECTION ( 'NONE',  ( 0.000000000000000000, 0.000000000000000000, 1.000000000000000000 ) ) ;
#3178 = AXIS2_PLACEMENT_3D ( 'NONE', #2251, #2944, #2214 ) ;
#3179 = CARTESIAN_POINT ( 'NONE',  ( -2.750000000000000000, 1.587713240271470871, -0.2456200930618636091 ) ) ;
#3180 = DIRECTION ( 'NONE',  ( 0.9870573241669545750, 0.1603678234820549997, -1.692926199033279728E-15 ) ) ;
#3181 = CARTESIAN_POINT ( 'NONE',  ( 1.375000000000001998, 2.381569860407204864, -1.800000000000000044 ) ) ;
#3182 = CARTESIAN_POINT ( 'NONE',  ( 2.750000000000000888, 0.5405639250603687662, -1.776300309131048749 ) ) ;
#3183 = VECTOR ( 'NONE', #187, 1000.000000000000114 ) ;
#3184 = EDGE_LOOP ( 'NONE', ( #3099, #471 ) ) ;
#3185 = CLOSED_SHELL ( 'NONE', ( #186, #3096, #1359, #600, #2475, #1902, #492, #1300 ) ) ;
#3186 = AXIS2_PLACEMENT_3D ( 'NONE', #2945, #702, #1648 ) ;
#3187 = EDGE_CURVE ( 'NONE', #2539, #3160, #58, .T. ) ;
#3188 = FACE_OUTER_BOUND ( 'NONE', #2077, .T. ) ;
#3189 = ORIENTED_EDGE ( 'NONE', *, *, #826, .F. ) ;
#3190 = CIRCLE ( 'NONE', #61, 1.500000000000000000 ) ;
#3191 = EDGE_LOOP ( 'NONE', ( #195, #2701 ) ) ;
#3192 = DIRECTION ( 'NONE',  ( -1.000000000000000000, 0.000000000000000000, 0.000000000000000000 ) ) ;
#3193 = FACE_OUTER_BOUND ( 'NONE', #1076, .T. ) ;
#3194 = ORIENTED_EDGE ( 'NONE', *, *, #206, .T. ) ;
#3195 = FILL_AREA_STYLE ('',( #2212 ) ) ;
#3196 = CIRCLE ( 'NONE', #224, 1.500000000000000000 ) ;
#3197 = DIRECTION ( 'NONE',  ( 0.000000000000000000, 0.000000000000000000, 1.000000000000000000 ) ) ;
#3198 = CIRCLE ( 'NONE', #998, 4.000000000000000000 ) ;
#3199 = DIRECTION ( 'NONE',  ( 1.000000000000000000, 0.000000000000000000, 0.000000000000000000 ) ) ;
#3200 = CARTESIAN_POINT ( 'NONE',  ( 3.763798871617003010E-14, 9.301024618202864984E-16, 22.00000000000000711 ) ) ;
#3201 = DIRECTION ( 'NONE',  ( 0.000000000000000000, 1.000000000000000000, 0.000000000000000000 ) ) ;
#3202 = VECTOR ( 'NONE', #3161, 1000.000000000000000 ) ;
#3203 = ORIENTED_EDGE ( 'NONE', *, *, #1457, .F. ) ;
#3204 = VECTOR ( 'NONE', #515, 1000.000000000000114 ) ;
#3205 = FACE_OUTER_BOUND ( 'NONE', #1532, .T. ) ;
#3206 = CARTESIAN_POINT ( 'NONE',  ( -10.50000000000000178, 0.000000000000000000, -6.000000000000003553 ) ) ;
#3207 = EDGE_LOOP ( 'NONE', ( #1322, #544, #922, #2903 ) ) ;
#3208 = ORIENTED_EDGE ( 'NONE', *, *, #1841, .F. ) ;
#3209 = EDGE_CURVE ( 'NONE', #161, #1833, #3141, .T. ) ;
#3210 = CARTESIAN_POINT ( 'NONE',  ( 0.000000000000000000, 0.000000000000000000, -1.800000000000000044 ) ) ;
#3211 = DIRECTION ( 'NONE',  ( 0.000000000000000000, 0.000000000000000000, -1.000000000000000000 ) ) ;
#3212 = ORIENTED_EDGE ( 'NONE', *, *, #335, .T. ) ;
#3213 = ADVANCED_FACE ( 'NONE', ( #1528 ), #2620, .F. ) ;
#3214 = DIRECTION ( 'NONE',  ( -1.000000000000000000, -0.000000000000000000, -0.000000000000000000 ) ) ;
#3215 = CARTESIAN_POINT ( 'NONE',  ( 32.71950000000001069, 0.000000000000000000, 0.000000000000000000 ) ) ;
#3216 = PLANE ( 'NONE',  #440 ) ;
#3217 = DIRECTION ( 'NONE',  ( -0.7205286532858178328, 0.6934251652443294001, 1.180285194569832939E-15 ) ) ;
#3218 = LINE ( 'NONE', #545, #1255 ) ;
#3219 = ORIENTED_EDGE ( 'NONE', *, *, #2998, .T. ) ;
#3220 = CARTESIAN_POINT ( 'NONE',  ( 2.750000000000000444, 0.2684568315541764338, -1.800000000000000044 ) ) ;
#3221 = NEXT_ASSEMBLY_USAGE_OCCURRENCE ( 'NAUO1', ' ', ' ', #1937, #2464, $ ) ;
#3222 = NEXT_ASSEMBLY_USAGE_OCCURRENCE ( 'NAUO2', ' ', ' ', #1937, #3053, $ ) ;
#3223 = NEXT_ASSEMBLY_USAGE_OCCURRENCE ( 'NAUO3', ' ', ' ', #1937, #3053, $ ) ;
#3224 = NEXT_ASSEMBLY_USAGE_OCCURRENCE ( 'NAUO4', ' ', ' ', #1937, #3053, $ ) ;
#3225 = NEXT_ASSEMBLY_USAGE_OCCURRENCE ( 'NAUO5', ' ', ' ', #1937, #3053, $ ) ;
#3226 = NEXT_ASSEMBLY_USAGE_OCCURRENCE ( 'NAUO6', ' ', ' ', #1937, #726, $ ) ;
#3227 = NEXT_ASSEMBLY_USAGE_OCCURRENCE ( 'NAUO7', ' ', ' ', #1937, #2283, $ ) ;
#3228 = NEXT_ASSEMBLY_USAGE_OCCURRENCE ( 'NAUO8', ' ', ' ', #1937, #2283, $ ) ;
#3229 = NEXT_ASSEMBLY_USAGE_OCCURRENCE ( 'NAUO9', ' ', ' ', #1937, #2283, $ ) ;
#3230 = NEXT_ASSEMBLY_USAGE_OCCURRENCE ( 'NAUO10', ' ', ' ', #1937, #2283, $ ) ;
#3231 = NEXT_ASSEMBLY_USAGE_OCCURRENCE ( 'NAUO11', ' ', ' ', #1937, #726, $ ) ;
#3232 = NEXT_ASSEMBLY_USAGE_OCCURRENCE ( 'NAUO12', ' ', ' ', #1937, #726, $ ) ;
#3233 = NEXT_ASSEMBLY_USAGE_OCCURRENCE ( 'NAUO13', ' ', ' ', #1937, #726, $ ) ;
#3234 = NEXT_ASSEMBLY_USAGE_OCCURRENCE ( 'NAUO14', ' ', ' ', #1937, #2218, $ ) ;
#3235 = NEXT_ASSEMBLY_USAGE_OCCURRENCE ( 'NAUO15', ' ', ' ', #1937, #2364, $ ) ;
#3236 = NEXT_ASSEMBLY_USAGE_OCCURRENCE ( 'NAUO16', ' ', ' ', #1937, #2364, $ ) ;
#3237 = NEXT_ASSEMBLY_USAGE_OCCURRENCE ( 'NAUO17', ' ', ' ', #1937, #2364, $ ) ;
#3238 = NEXT_ASSEMBLY_USAGE_OCCURRENCE ( 'NAUO18', ' ', ' ', #1937, #2364, $ ) ;
ENDSEC;
END-ISO-10303-21;
